,DistrictCode,SchoolCode,AllStudents,C_AllStudents,G_Female,GC_Female,G_Male,GC_Male,G_GenderX,GC_GenderX,R_Native,RC_Native,R_Asian,RC_Asian,R_Black,RC_Black,R_Hisp_Lat,RC_Hisp_Lat,R_HPI,RC_HPI,R_NA,RC_NA,R_TwoOrMore,RC_TwoOrMore,R_White,RC_White,L_ELL,LC_ELL,L_NoELL,LC_NoELL,I_LowIncome,IC_LowIncome,I_NoLowIncome,IC_NOLowIncome,D_Disability,DC_Disability,D_NoDisability,DC_NoDisability,A_9,AC_9,A_10,AC_10,A_11,AC_11,A_12,AC_12
0,1109,3075,28,3,9,0,19,3,0,0,0,0,0,0,0,0,2,0,0,0,0,0,2,0,24,3,0,0,28,3,17,1,11,2,2,0,26,3,7,0,4,0,6,1,11,2
1,1147,3015,1281,169,635,60,646,109,0,0,0,0,5,1,2,0,1173,151,0,0,0,0,3,0,98,17,402,54,879,115,1069,142,212,27,195,29,1086,140,382,51,328,44,321,29,250,45
2,1158,2903,60,22,30,12,29,10,1,0,0,0,0,0,1,0,23,11,0,0,0,0,4,2,32,9,7,3,53,19,48,17,12,5,3,1,57,21,18,12,15,2,14,2,13,6
3,1160,2132,113,24,57,13,56,11,0,0,2,2,2,0,0,0,9,0,0,0,0,0,3,0,97,22,0,0,113,24,47,7,66,17,6,4,107,20,32,7,35,5,25,4,21,8
4,2250,1617,167,0,89,0,78,0,0,0,1,0,0,0,2,0,11,0,0,0,0,0,5,0,148,0,0,0,167,0,133,0,34,0,25,0,142,0,16,0,51,0,41,0,59,0
5,2250,2299,803,29,389,10,413,19,1,0,19,0,9,0,14,0,74,2,0,0,0,0,56,4,631,23,4,0,799,29,389,11,414,18,117,1,686,28,220,13,218,12,179,3,186,1
6,2420,2434,177,14,88,3,89,11,0,0,0,0,2,1,1,1,9,1,1,0,0,0,15,0,149,11,0,0,177,14,62,9,115,5,21,1,156,13,37,4,36,0,52,6,52,4
7,3017,1884,716,0,370,0,345,0,1,0,4,0,2,0,15,0,316,0,4,0,0,0,52,0,323,0,56,0,660,0,334,0,382,0,63,0,653,0,118,0,150,0,187,0,261,0
8,3017,2826,1911,216,942,49,967,167,2,0,4,1,51,4,34,4,974,100,12,2,0,0,77,9,759,96,322,25,1589,191,1249,136,662,80,214,19,1697,197,569,54,491,79,410,32,441,51
9,3017,3731,2007,155,969,32,1035,123,3,0,14,0,32,4,49,3,602,28,2,2,0,0,103,14,1205,104,140,10,1867,145,792,55,1215,100,247,27,1760,128,566,30,527,68,489,32,425,25
10,3017,4007,92,0,23,0,69,0,0,0,0,0,0,0,10,0,35,0,0,0,0,0,9,0,38,0,3,0,89,0,58,0,34,0,17,0,75,0,14,0,29,0,33,0,16,0
11,3017,4118,392,17,208,2,184,15,0,0,1,1,6,1,1,0,169,3,1,0,0,0,0,0,214,12,0,0,392,17,145,4,247,13,1,0,391,17,0,0,0,0,175,8,217,9
12,3017,4484,1894,92,907,16,979,75,8,1,10,0,42,2,47,4,655,25,9,0,0,0,105,10,1026,51,196,5,1698,87,972,46,922,46,188,4,1706,88,492,19,471,38,460,16,471,19
13,3052,2904,464,0,229,0,234,0,1,0,2,0,2,0,0,0,221,0,1,0,0,0,11,0,227,0,97,0,367,0,340,0,124,0,74,0,390,0,125,0,120,0,107,0,112,0
14,3053,2367,311,9,149,6,161,3,1,0,0,0,3,0,2,0,149,8,0,0,0,0,6,0,151,1,44,1,267,8,245,7,66,2,52,0,259,9,62,0,80,3,97,3,72,3
15,3116,2508,972,2,493,0,478,2,1,0,12,0,9,0,7,0,617,2,1,0,0,0,13,0,313,0,165,0,807,2,683,2,289,0,120,0,852,2,249,0,220,0,232,1,271,1
16,3400,3511,2283,68,1103,13,1180,55,0,0,10,0,70,6,34,0,438,9,4,0,0,0,112,6,1615,47,105,3,2178,65,817,19,1466,49,278,15,2005,53,666,17,582,22,526,12,509,17
17,3400,3833,2033,120,1013,26,1017,94,3,0,6,0,98,15,27,1,437,15,3,1,0,0,90,9,1372,79,93,5,1940,115,649,29,1384,91,232,11,1801,109,554,41,525,28,437,11,517,40
18,3400,4295,287,1,156,1,130,0,1,0,2,0,0,0,6,0,77,0,0,0,0,0,12,0,190,1,12,0,275,1,125,0,162,1,24,0,263,1,25,0,46,0,73,1,143,0
19,4019,2623,221,61,107,30,114,31,0,0,5,1,0,0,1,0,133,44,0,0,0,0,2,0,80,16,58,17,163,44,154,44,67,17,28,9,193,52,58,12,60,39,47,9,56,1
20,4127,3317,87,0,42,0,45,0,0,0,2,0,0,0,0,0,33,0,0,0,0,0,0,0,52,0,12,0,75,0,56,0,31,0,8,0,79,0,25,0,21,0,24,0,17,0
21,4129,4260,439,0,195,0,244,0,0,0,2,0,5,0,2,0,236,0,0,0,1,0,8,0,185,0,72,0,367,0,254,0,185,0,49,0,390,0,110,0,117,0,107,0,105,0
22,4222,3268,498,148,251,69,246,79,1,0,4,1,2,2,2,1,199,56,0,0,2,0,15,4,274,84,21,5,477,143,228,64,270,84,59,14,439,134,126,119,134,18,121,7,117,4
23,4228,3564,414,23,188,4,224,19,2,0,4,0,6,0,5,1,136,5,1,0,0,0,8,0,254,17,31,0,383,23,194,8,220,15,34,0,380,23,109,9,105,7,98,4,102,3
24,4246,1612,18,0,10,0,8,0,0,0,0,0,0,0,0,0,6,0,0,0,0,0,0,0,12,0,0,0,18,0,15,0,3,0,5,0,13,0,2,0,16,0,0,0,0,0
25,4246,1613,369,0,172,0,195,0,2,0,6,0,2,0,2,0,179,0,1,0,0,0,5,0,174,0,54,0,315,0,251,0,118,0,32,0,337,0,29,0,57,0,100,0,183,0
26,4246,1802,33,0,7,0,26,0,0,0,0,0,1,0,1,0,14,0,0,0,0,0,0,0,17,0,3,0,30,0,12,0,21,0,4,0,29,0,7,0,10,0,12,0,4,0
27,4246,2134,2096,140,1011,28,1084,112,1,0,7,2,26,5,8,0,1076,68,0,0,0,0,56,4,923,61,328,17,1768,123,1197,81,899,59,291,10,1805,130,556,71,539,18,494,22,507,29
28,5121,2908,1011,82,457,9,541,71,13,2,40,3,19,2,5,0,92,9,1,0,0,0,108,8,746,60,14,3,997,79,537,52,474,30,162,11,849,71,280,33,272,27,222,14,237,8
29,18801,3143,29,0,11,0,18,0,0,0,3,0,0,0,2,0,0,0,0,0,0,0,0,0,24,0,0,0,29,0,29,0,0,0,12,0,17,0,9,0,7,0,8,0,5,0
30,5121,4003,69,0,30,0,38,0,1,0,9,0,0,0,3,0,12,0,0,0,0,0,6,0,39,0,1,0,68,0,52,0,17,0,11,0,58,0,2,0,18,0,18,0,31,0
31,5313,3473,89,1,44,0,44,1,1,0,10,0,1,0,0,0,6,0,0,0,0,0,11,0,61,1,0,0,89,1,59,1,30,0,11,0,78,1,23,0,16,0,29,1,21,0
32,5323,1708,12,0,4,0,8,0,0,0,0,0,0,0,1,0,2,0,0,0,0,0,0,0,9,0,0,0,12,0,5,0,7,0,2,0,10,0,9,0,0,0,1,0,2,0
33,5323,2471,852,56,440,17,409,39,3,0,10,0,11,1,6,0,112,7,1,1,0,0,66,5,646,42,10,0,842,56,399,31,453,25,125,9,727,47,208,16,209,13,199,10,236,17
34,5401,3145,109,0,61,0,48,0,0,0,68,0,0,0,1,0,21,0,0,0,0,0,16,0,3,0,0,0,109,0,83,0,26,0,12,0,97,0,35,0,22,0,22,0,30,0
35,5401,3422,32,0,17,0,15,0,0,0,0,0,1,0,0,0,10,0,0,0,0,0,8,0,13,0,0,0,32,0,13,0,19,0,6,0,26,0,9,0,10,0,5,0,8,0
36,5402,2349,335,0,165,0,170,0,0,0,14,0,2,0,0,0,125,0,0,0,0,0,34,0,160,0,33,0,302,0,231,0,104,0,65,0,270,0,88,0,80,0,81,0,86,0
37,6037,1574,20,0,3,0,17,0,0,0,1,0,0,0,1,0,3,0,1,0,0,0,2,0,12,0,0,0,20,0,13,0,7,0,20,0,0,0,6,0,6,0,4,0,4,0
38,6037,1689,338,0,235,0,103,0,0,0,2,0,7,0,10,0,43,0,3,0,0,0,31,0,242,0,1,0,337,0,97,0,241,0,19,0,319,0,107,0,90,0,74,0,67,0
39,6037,1738,40,0,12,0,28,0,0,0,0,0,2,0,0,0,6,0,0,0,0,0,3,0,29,0,4,0,36,0,16,0,24,0,39,0,1,0,0,0,0,0,0,0,40,0
40,6037,2179,1776,32,883,4,893,28,0,0,4,0,62,1,86,1,770,10,119,1,0,0,120,1,615,18,457,6,1319,26,1254,20,522,12,229,2,1547,30,494,15,437,8,453,5,392,4
41,6037,3081,1325,50,652,13,673,37,0,0,6,0,34,3,45,2,504,12,34,0,0,0,113,4,589,29,152,5,1173,45,842,28,483,22,190,4,1135,46,342,25,369,6,360,7,254,12
42,6037,3423,1220,47,633,5,587,42,0,0,6,0,47,3,26,0,188,5,9,0,0,0,111,4,833,35,33,0,1187,47,361,6,859,41,138,2,1082,45,313,19,328,11,300,9,279,8
43,34974,3799,41,6,14,1,25,3,2,2,1,0,3,0,0,0,8,2,1,0,0,0,4,0,24,4,3,0,38,6,28,3,13,3,41,6,0,0,9,0,12,2,15,4,5,0
44,6037,3932,92,0,48,0,44,0,0,0,3,0,0,0,1,0,17,0,0,0,0,0,9,0,62,0,2,0,90,0,53,0,39,0,22,0,70,0,25,0,22,0,20,0,25,0
45,34975,4246,59,0,34,0,24,0,1,0,2,0,4,0,4,0,26,0,2,0,0,0,1,0,20,0,0,0,59,0,35,0,24,0,50,0,9,0,11,0,17,0,6,0,25,0
46,6037,4504,1838,110,854,19,984,91,0,0,5,1,114,17,47,0,359,17,28,0,0,0,123,10,1162,65,101,2,1737,108,575,30,1263,80,177,17,1661,93,524,46,463,20,411,22,440,22
47,6098,4568,701,22,348,3,352,19,1,0,2,0,16,0,9,0,50,1,2,0,0,0,39,1,583,20,14,0,687,22,141,4,560,18,49,1,652,21,175,5,173,10,178,1,175,6
48,6101,4431,552,18,263,2,287,15,2,1,3,0,4,1,4,0,49,0,1,0,0,0,23,3,468,14,6,0,546,18,162,4,390,14,61,3,491,15,146,6,139,7,136,3,131,2
49,6112,3147,1090,34,524,6,566,28,0,0,6,0,8,4,9,0,147,3,1,0,4,0,63,0,852,27,23,1,1067,33,422,12,668,22,161,1,929,33,254,7,279,8,282,10,275,9
50,6114,1646,90,0,25,0,65,0,0,0,1,0,2,0,6,0,19,0,2,0,0,0,5,0,55,0,9,0,81,0,42,0,48,0,90,0,0,0,5,0,5,0,3,0,77,0
51,6114,2724,1673,185,740,43,905,137,28,5,10,1,82,6,70,9,528,50,84,5,0,0,138,12,761,102,211,21,1462,164,1033,111,640,74,250,23,1423,162,445,73,441,38,405,32,382,42
52,6114,4042,621,0,317,0,297,0,7,0,4,0,15,0,28,0,141,0,13,0,0,0,51,0,369,0,56,0,565,0,399,0,222,0,125,0,496,0,135,0,156,0,159,0,171,0
53,6114,4162,1721,73,771,16,929,56,21,1,8,1,118,11,66,2,570,18,41,2,0,0,141,8,777,31,224,6,1497,67,881,38,840,35,214,10,1507,63,453,28,459,21,397,15,412,9
54,6114,4203,531,18,246,1,284,17,1,0,2,0,13,0,15,0,76,0,2,0,0,0,28,1,395,17,0,0,531,18,124,3,407,15,2,0,529,18,0,0,0,0,161,3,370,15
55,6114,4523,1889,197,854,41,1015,154,20,2,8,0,66,13,70,4,622,50,50,7,0,0,153,21,920,102,262,24,1627,173,1165,115,724,82,278,30,1611,167,485,86,481,38,480,21,443,52
56,6117,4567,2098,185,1025,48,1053,136,20,1,8,0,225,50,21,4,219,18,5,0,0,0,179,19,1441,94,41,1,2057,184,339,20,1759,165,227,5,1871,180,546,55,558,56,496,36,498,38
57,6119,1836,187,19,89,7,98,12,0,0,0,0,6,0,0,0,5,0,0,0,0,0,13,2,163,17,7,1,180,18,59,5,128,14,0,0,187,19,44,8,50,4,39,4,54,3
58,6119,1875,507,25,268,4,239,21,0,0,5,2,4,2,2,0,48,3,4,0,0,0,21,2,423,16,27,2,480,23,193,7,314,18,51,4,456,21,99,8,130,3,147,7,131,7
59,6119,2415,1756,128,810,17,939,111,7,0,5,1,25,5,11,1,202,23,6,1,0,0,79,9,1428,88,65,5,1691,123,621,51,1135,77,294,27,1462,101,503,45,443,23,398,25,412,35
60,6119,4104,1612,105,837,14,773,91,2,0,12,0,95,9,35,1,266,21,15,1,0,0,87,6,1102,67,107,3,1505,102,600,44,1012,61,219,15,1393,90,407,60,438,18,373,13,394,14
61,6119,4450,382,0,209,0,173,0,0,0,3,0,1,0,1,0,39,0,0,0,0,0,11,0,327,0,16,0,366,0,172,0,210,0,43,0,339,0,26,0,54,0,119,0,183,0
62,6122,2390,1106,57,565,13,540,44,1,0,8,1,33,2,12,1,164,10,5,0,0,0,85,8,799,35,22,0,1084,57,301,12,805,45,115,6,991,51,321,31,277,4,256,10,252,12
63,7002,2302,120,0,59,0,61,0,0,0,3,0,3,0,2,0,23,0,0,0,0,0,3,0,86,0,1,0,119,0,69,0,51,0,18,0,102,0,33,0,37,0,25,0,25,0
64,8122,2416,971,29,483,6,488,23,0,0,18,0,26,0,13,0,247,5,21,1,0,0,71,1,575,22,70,2,901,27,660,19,311,10,135,2,836,27,287,19,263,3,219,4,202,3
65,8122,3151,975,19,465,13,509,6,1,0,8,0,19,0,12,0,209,7,4,0,0,0,58,1,665,11,50,3,925,16,502,12,473,7,149,0,826,19,277,0,249,3,229,7,220,9
66,8130,2560,215,51,103,25,110,25,2,1,4,2,4,2,0,0,19,2,1,1,0,0,10,2,177,42,0,0,215,51,81,19,134,32,31,5,184,46,53,36,62,5,53,2,47,8
67,8401,2281,436,0,205,0,226,0,5,0,8,0,2,0,1,0,38,0,2,0,0,0,23,0,362,0,13,0,423,0,235,0,201,0,64,0,372,0,98,0,127,0,108,0,103,0
68,8404,1795,188,0,93,0,95,0,0,0,0,0,0,0,2,0,28,0,0,0,0,0,6,0,152,0,3,0,185,0,102,0,86,0,47,0,141,0,19,0,37,0,69,0,63,0
69,8404,3546,678,10,311,1,365,9,2,0,2,0,6,0,1,0,153,4,0,0,0,0,29,0,487,6,39,0,639,10,308,5,370,5,100,2,578,8,207,2,155,2,148,1,168,5
70,8458,2266,1561,83,718,23,833,60,10,0,22,2,15,2,9,0,338,18,15,1,0,0,88,4,1074,56,85,3,1476,80,871,42,690,41,210,8,1351,75,410,24,370,32,423,12,358,15
71,6801,3294,98,0,33,0,65,0,0,0,3,0,2,0,0,0,16,0,0,0,0,0,2,0,75,0,0,0,98,0,0,0,98,0,0,0,98,0,21,0,38,0,25,0,14,0
72,9075,2788,218,43,105,15,113,28,0,0,0,0,0,0,1,0,202,41,0,0,2,1,0,0,13,1,80,17,138,26,210,42,8,1,24,0,194,43,68,21,51,14,53,7,46,1
73,9206,2727,1489,76,731,15,752,61,6,0,3,0,4,1,6,0,365,13,1,0,735,32,25,4,350,26,191,8,1298,68,915,45,574,31,167,11,1322,65,1,0,533,39,472,12,483,25
74,9206,3372,512,132,252,57,258,73,2,2,1,0,2,0,1,0,212,62,1,0,110,25,4,1,181,44,67,18,445,114,327,97,185,35,67,21,445,111,511,132,0,0,0,0,1,0
75,4246,4105,103,3,40,0,62,3,1,0,1,0,1,0,5,0,39,1,0,0,0,0,0,0,57,2,4,0,99,3,35,1,68,2,0,0,103,3,3,0,3,0,39,2,58,1
76,9207,2233,35,0,20,0,15,0,0,0,0,0,0,0,0,0,13,0,0,0,0,0,1,0,21,0,1,0,34,0,27,0,8,0,1,0,34,0,8,0,11,0,9,0,7,0
77,9209,2162,98,15,52,2,46,13,0,0,0,0,1,0,0,0,34,6,0,0,2,0,2,1,59,8,5,1,93,14,54,6,44,9,20,3,78,12,28,0,22,5,25,5,23,5
78,10050,2006,162,0,62,0,100,0,0,0,9,0,5,0,4,0,20,0,2,0,6,0,9,0,107,0,0,0,162,0,62,0,100,0,13,0,149,0,51,0,43,0,29,0,39,0
79,10070,2603,74,0,35,0,39,0,0,0,59,0,0,0,0,0,4,0,0,0,0,0,8,0,3,0,0,0,74,0,59,0,15,0,6,0,68,0,23,0,19,0,19,0,13,0
80,10309,3579,113,0,49,0,63,0,1,0,12,0,2,0,0,0,5,0,0,0,0,0,9,0,85,0,0,0,113,0,103,0,10,0,17,0,96,0,30,0,29,0,30,0,24,0
81,11001,2917,2682,85,1286,20,1388,65,8,0,11,0,26,1,25,0,2204,75,3,0,0,0,47,2,366,7,910,19,1772,66,1991,71,691,14,365,9,2317,76,724,30,715,19,661,17,582,19
82,11001,3912,602,13,316,3,285,10,1,0,9,0,6,0,8,0,463,7,1,0,0,0,18,0,97,6,199,2,403,11,457,8,145,5,75,3,527,10,53,5,87,2,147,3,315,3
83,11051,1754,55,0,21,0,33,0,1,0,0,0,0,0,1,0,41,0,0,0,0,0,0,0,13,0,27,0,28,0,41,0,14,0,11,0,44,0,3,0,9,0,21,0,22,0
84,11051,3272,665,123,310,54,355,69,0,0,0,0,9,2,1,1,483,93,0,0,0,0,3,1,169,26,185,29,480,94,488,104,177,19,85,17,580,106,179,12,158,48,163,39,165,24
85,11056,3214,17,6,9,3,8,3,0,0,0,0,0,0,0,0,4,1,0,0,0,0,0,0,13,5,0,0,17,6,8,2,9,4,1,0,16,6,5,0,7,3,3,2,2,1
86,12110,2241,104,15,50,6,54,9,0,0,0,0,3,0,1,0,10,1,0,0,0,0,3,0,87,14,1,0,103,15,54,8,50,7,15,2,89,13,24,0,36,0,24,11,20,4
87,13073,1835,37,0,14,0,23,0,0,0,0,0,0,0,0,0,36,0,0,0,0,0,0,0,1,0,25,0,12,0,35,0,2,0,7,0,30,0,3,0,6,0,15,0,13,0
88,13073,4254,806,25,387,6,416,19,3,0,4,0,0,0,0,0,786,25,1,0,0,0,2,0,13,0,305,12,501,13,753,24,53,1,117,4,689,21,221,4,208,6,220,13,157,2
89,13144,3088,927,34,454,4,473,30,0,0,2,0,2,0,2,0,812,29,0,0,0,0,6,0,103,5,269,6,658,28,782,21,145,13,101,2,826,32,236,1,251,9,204,16,236,8
90,13146,3273,317,14,172,9,145,5,0,0,0,0,1,0,2,0,244,8,0,0,0,0,4,1,66,5,52,0,265,14,272,9,45,5,55,0,262,14,86,1,84,2,70,1,77,10
91,13151,2968,100,7,51,3,49,4,0,0,0,0,1,0,0,0,2,0,0,0,0,0,3,0,94,7,0,0,100,7,45,4,55,3,9,0,91,7,24,0,27,6,22,0,27,1
92,13156,1518,29,0,13,0,16,0,0,0,0,0,0,0,0,0,7,0,0,0,0,0,0,0,22,0,2,0,27,0,18,0,11,0,7,0,22,0,3,0,7,0,9,0,10,0
93,13156,3089,206,32,97,5,109,27,0,0,2,1,0,0,2,2,96,15,0,0,0,0,1,0,105,14,32,2,174,30,180,29,26,3,34,7,172,25,59,9,54,7,47,14,46,2
94,13160,3516,571,61,286,17,285,44,0,0,0,0,1,1,0,0,466,35,0,0,0,0,2,0,102,25,198,9,373,52,436,36,135,25,78,3,493,58,146,19,143,20,127,4,155,18
95,13161,3215,2321,148,1162,54,1158,94,1,0,3,1,26,2,41,1,1212,76,4,0,0,0,85,9,950,59,326,22,1995,126,1444,89,877,59,314,16,2007,132,629,62,616,42,563,25,513,19
96,13165,2920,928,30,438,2,490,28,0,0,2,0,11,0,14,0,338,12,0,0,0,0,39,3,524,15,88,2,840,28,534,16,394,14,99,2,829,28,254,11,258,8,210,4,206,7
97,13167,2473,49,0,29,0,20,0,0,0,0,0,0,0,0,0,7,0,0,0,0,0,0,0,42,0,2,0,47,0,27,0,22,0,6,0,43,0,18,0,11,0,9,0,11,0
98,13301,2801,260,8,122,0,138,8,0,0,109,2,1,0,1,0,23,1,0,0,0,0,47,1,79,4,52,1,208,7,185,5,75,3,38,1,222,7,85,5,69,0,54,2,52,1
99,14005,3476,1061,76,542,26,519,50,0,0,26,1,22,2,12,0,380,34,1,0,0,0,65,5,555,34,123,10,938,66,722,58,339,18,175,8,886,68,289,39,273,23,252,9,247,5
100,14005,3857,154,0,84,0,70,0,0,0,4,0,1,0,3,0,46,0,0,0,0,0,8,0,92,0,11,0,143,0,101,0,53,0,30,0,124,0,22,0,29,0,46,0,57,0
101,14005,4267,29,0,10,0,18,0,1,0,3,0,0,0,0,0,5,0,0,0,0,0,0,0,21,0,1,0,28,0,12,0,17,0,3,0,26,0,8,0,10,0,7,0,4,0
102,14028,3622,481,11,234,2,244,9,3,0,21,0,5,1,6,0,98,2,0,0,0,0,27,1,324,7,22,0,459,11,335,10,146,1,95,1,386,10,130,0,128,6,117,2,106,3
103,14064,2728,220,0,99,0,121,0,0,0,18,0,4,0,2,0,22,0,1,0,0,0,27,0,146,0,13,0,207,0,170,0,50,0,52,0,168,0,57,0,58,0,45,0,60,0
104,14066,2180,492,0,242,0,245,0,5,0,9,0,6,0,0,0,65,0,0,0,0,0,32,0,380,0,6,0,486,0,191,0,301,0,67,0,425,0,141,0,103,0,116,0,132,0
105,14068,1629,65,0,43,0,22,0,0,0,2,0,3,0,1,0,10,0,0,0,0,0,2,0,47,0,0,0,65,0,33,0,32,0,4,0,61,0,19,0,20,0,17,0,9,0
106,14068,2137,529,0,259,0,270,0,0,0,11,0,6,0,3,0,130,0,0,0,0,0,26,0,353,0,30,0,499,0,392,0,137,0,113,0,416,0,150,0,140,0,134,0,105,0
107,14077,3580,73,0,35,0,38,0,0,0,51,0,0,0,0,0,12,0,0,0,0,0,9,0,1,0,0,0,73,0,59,0,14,0,21,0,52,0,11,0,21,0,20,0,21,0
108,14097,2921,64,0,26,0,38,0,0,0,16,0,0,0,0,0,27,0,0,0,0,0,3,0,18,0,13,0,51,0,64,0,0,0,10,0,54,0,17,0,16,0,17,0,14,0
109,14117,3375,50,5,32,2,18,3,0,0,1,0,0,0,0,0,5,1,0,0,0,0,5,0,39,4,0,0,50,5,31,4,19,1,3,0,47,5,15,0,11,0,14,4,10,1
110,14172,3024,218,22,97,9,121,13,0,0,12,1,1,0,2,0,51,12,0,0,0,0,25,3,127,6,15,1,203,21,171,18,47,4,32,1,186,21,62,18,56,1,48,0,52,3
111,14400,2283,109,0,53,0,56,0,0,0,26,0,0,0,0,0,19,0,0,0,0,0,12,0,52,0,12,0,97,0,83,0,26,0,23,0,86,0,29,0,27,0,35,0,18,0
112,15201,1758,60,0,31,0,29,0,0,0,0,0,3,0,4,0,5,0,0,0,0,0,2,0,46,0,1,0,59,0,18,0,42,0,0,0,60,0,12,0,15,0,18,0,15,0
113,15201,2974,1616,208,784,55,824,153,8,0,5,0,107,16,66,8,301,39,16,2,0,0,176,22,945,121,74,4,1542,204,630,66,986,142,245,28,1371,180,426,82,407,53,370,29,413,44
114,15204,2625,302,0,154,0,145,0,3,0,1,0,4,0,1,0,50,0,1,0,0,0,38,0,207,0,2,0,300,0,94,0,208,0,56,0,246,0,80,0,64,0,89,0,69,0
115,15206,1682,60,0,26,0,33,0,1,0,0,0,0,0,0,0,5,0,1,0,0,0,5,0,49,0,0,0,60,0,40,0,20,0,3,0,57,0,1,0,14,0,19,0,26,0
116,15206,4149,439,0,225,0,212,0,2,0,2,0,10,0,5,0,35,0,0,0,0,0,38,0,349,0,1,0,438,0,142,0,297,0,72,0,367,0,120,0,99,0,114,0,106,0
117,16048,2474,104,0,47,0,57,0,0,0,4,0,1,0,0,0,7,0,0,0,0,0,10,0,82,0,1,0,103,0,55,0,49,0,23,0,81,0,30,0,23,0,25,0,26,0
118,16049,1724,57,1,37,1,20,0,0,0,1,0,1,0,0,0,3,0,0,0,0,0,7,1,45,0,0,0,57,1,30,0,27,1,15,0,42,1,15,0,10,0,20,1,12,0
119,16049,3275,216,3,94,1,121,2,1,0,0,0,5,0,1,0,17,0,1,0,0,0,23,1,169,2,1,0,215,3,107,0,109,3,34,0,182,3,51,3,48,0,51,0,66,0
120,16050,1798,66,1,39,0,27,1,0,0,2,0,2,0,0,0,5,0,0,0,0,0,3,0,54,1,0,0,66,1,30,0,36,1,3,0,63,1,7,0,18,0,24,1,17,0
121,16050,2503,399,0,198,0,196,0,5,0,7,0,6,0,3,0,34,0,1,0,1,0,34,0,313,0,4,0,395,0,182,0,217,0,52,0,347,0,91,0,98,0,130,0,80,0
122,17001,1547,100,0,55,0,38,0,7,0,3,0,15,0,28,0,9,0,1,0,0,0,8,0,36,0,4,0,96,0,45,0,55,0,15,0,85,0,18,0,25,0,39,0,18,0
123,17001,1596,348,0,118,0,229,0,1,0,0,0,50,0,42,0,241,0,0,0,0,0,0,0,15,0,309,0,39,0,264,0,84,0,8,0,340,0,83,0,84,0,98,0,83,0
124,17001,1635,502,0,270,0,230,0,2,0,9,0,23,0,144,0,198,0,5,0,0,0,45,0,78,0,48,0,454,0,298,0,204,0,140,0,362,0,39,0,80,0,104,0,279,0
125,17001,1856,276,0,151,0,106,0,19,0,3,0,12,0,9,0,27,0,1,0,0,0,21,0,203,0,3,0,273,0,64,0,212,0,74,0,202,0,67,0,67,0,81,0,61,0
126,17001,2182,1368,110,675,28,688,82,5,0,4,0,506,63,377,25,230,9,9,0,0,0,87,3,155,10,310,34,1058,76,920,79,448,31,167,3,1201,107,351,15,319,36,331,28,367,31
127,17001,2220,1712,123,790,29,899,92,23,2,6,0,82,8,52,3,141,12,6,0,0,0,183,9,1242,91,40,3,1672,120,199,14,1513,109,231,10,1481,113,447,37,417,23,414,32,434,31
128,17001,2234,1284,0,577,0,694,0,13,0,8,0,77,0,79,0,151,0,7,0,0,0,142,0,820,0,52,0,1232,0,242,0,1042,0,161,0,1123,0,386,0,306,0,316,0,276,0
129,17001,2285,1631,106,784,19,835,87,12,0,7,0,143,17,76,0,129,5,1,0,0,0,162,12,1113,72,48,1,1583,105,225,8,1406,98,185,10,1446,96,416,9,392,26,404,39,419,32
130,17001,2306,1771,175,845,42,906,132,20,1,8,1,225,27,486,36,141,10,11,1,0,0,199,23,701,77,124,8,1647,167,678,46,1093,129,177,11,1594,164,441,26,421,29,439,44,470,76
131,17001,2392,930,188,420,59,508,129,2,0,4,1,403,85,228,40,107,20,2,1,0,0,83,14,103,27,84,12,846,176,541,106,389,82,86,17,844,171,236,75,229,63,228,37,237,13
132,17001,3096,1269,23,579,6,679,17,11,0,11,0,194,10,294,3,375,2,15,0,0,0,110,3,270,5,236,3,1033,20,839,14,430,9,254,4,1015,19,340,1,325,7,347,7,257,8
133,17001,3276,1522,164,745,38,759,122,18,4,8,1,132,15,168,19,269,26,6,1,0,0,165,17,774,85,157,24,1365,140,491,43,1031,121,247,21,1275,143,399,40,369,56,359,36,395,32
134,17001,3327,890,1,411,1,476,0,3,0,5,0,213,0,370,0,165,0,21,0,0,0,66,0,50,1,229,1,661,0,693,1,197,0,142,0,748,1,225,0,207,1,221,0,237,0
135,17001,3479,1166,148,529,42,623,105,14,1,5,2,98,17,150,15,196,17,7,0,0,0,123,14,587,83,110,9,1056,139,429,43,737,105,178,14,988,134,277,63,282,23,289,32,318,30
136,17001,3778,43,0,26,0,17,0,0,0,0,0,7,0,12,0,15,0,3,0,0,0,3,0,3,0,9,0,34,0,32,0,11,0,9,0,34,0,6,0,4,0,15,0,18,0
137,17001,3868,314,0,166,0,118,0,30,0,1,0,9,0,25,0,43,0,0,0,0,0,37,0,199,0,6,0,308,0,98,0,216,0,88,0,226,0,61,0,81,0,69,0,103,0
138,17210,1759,434,0,234,0,198,0,2,0,3,0,27,0,71,0,105,0,20,0,0,0,48,0,160,0,51,0,383,0,235,0,199,0,52,0,382,0,110,0,112,0,102,0,110,0
139,17210,1789,117,0,55,0,62,0,0,0,0,0,12,0,11,0,30,0,1,0,0,0,14,0,49,0,7,0,110,0,51,0,66,0,4,0,113,0,59,0,58,0,0,0,0,0
140,17210,2417,1745,256,811,52,931,204,3,0,6,0,171,37,324,51,700,86,114,21,0,0,161,23,269,38,399,55,1346,201,1246,194,499,62,249,38,1496,218,460,71,441,80,445,60,399,45
141,17210,3584,1833,107,902,26,924,81,7,0,8,1,305,27,223,19,678,29,69,4,0,0,151,7,399,20,401,20,1432,87,1187,62,646,45,200,5,1633,102,460,25,471,38,461,22,441,22
142,17210,3766,1397,90,687,13,702,73,8,4,4,0,130,14,205,8,430,22,95,3,0,0,168,13,365,30,223,13,1174,77,814,54,583,36,176,3,1221,87,368,40,383,31,303,12,343,7
143,17210,4570,1509,159,731,40,774,119,4,0,6,2,250,36,273,24,405,32,100,12,0,0,151,20,324,33,286,28,1223,131,1058,115,451,44,203,22,1306,137,427,46,362,53,360,39,360,21
144,17216,3330,1421,51,662,11,753,40,6,0,13,1,16,0,14,0,265,12,10,0,0,0,72,2,1031,36,76,2,1345,49,455,16,966,35,217,3,1204,48,359,19,347,14,371,13,344,5
145,17400,3029,1575,167,722,47,847,120,6,0,0,0,347,55,28,2,105,10,6,0,0,0,171,24,918,76,22,2,1553,165,106,11,1469,156,185,6,1390,161,372,42,396,37,389,31,418,57
146,17401,1539,102,0,47,0,54,0,1,0,1,0,14,0,17,0,26,0,2,0,0,0,11,0,31,0,12,0,90,0,48,0,54,0,14,0,88,0,24,0,27,0,26,0,25,0
147,17401,2270,381,33,169,5,210,27,2,1,5,0,36,5,61,6,132,8,18,0,0,0,20,1,109,13,59,6,322,27,162,9,219,24,1,0,380,33,0,0,0,0,147,12,234,21
148,17401,2325,1292,108,586,34,697,74,9,0,8,2,210,19,108,9,676,55,41,1,0,0,66,6,183,16,462,31,830,77,953,78,339,30,182,3,1110,105,407,25,333,40,267,13,285,30
149,17401,3099,1169,0,485,0,676,0,8,0,8,0,245,0,149,0,590,0,22,0,0,0,58,0,97,0,418,0,751,0,884,0,285,0,223,0,946,0,303,0,278,0,279,0,309,0
150,17401,3279,1875,17,892,3,971,14,12,0,15,0,240,1,281,4,638,2,64,1,0,0,202,2,435,7,374,2,1501,15,1176,12,699,5,212,0,1663,17,482,0,462,0,499,7,432,10
151,17401,3483,793,64,393,28,396,36,4,0,5,1,105,15,163,11,339,25,77,7,0,0,38,3,66,2,290,15,503,49,613,42,180,22,160,7,633,57,183,16,172,18,197,16,241,14
152,17402,2419,549,24,267,6,282,18,0,0,2,0,12,1,2,0,69,1,2,0,0,0,49,2,413,20,21,0,528,24,125,4,424,20,56,0,493,24,157,1,137,5,124,7,131,11
153,17403,1784,18,0,8,0,10,0,0,0,0,0,0,0,0,0,1,0,0,0,0,0,0,0,17,0,0,0,18,0,2,0,16,0,3,0,15,0,8,0,10,0,0,0,0,0
154,17403,2475,1310,220,636,72,674,148,0,0,8,0,323,65,326,49,440,69,18,1,0,0,107,21,88,15,266,29,1044,191,858,146,452,74,184,21,1126,199,363,31,324,62,338,73,285,54
155,17403,3630,1950,246,963,57,981,189,6,0,5,0,553,80,124,3,543,50,11,1,0,0,156,25,558,87,218,21,1732,225,813,83,1137,163,169,16,1781,230,483,89,506,74,498,45,463,38
156,17403,3741,1316,242,653,62,661,179,2,1,8,2,320,65,222,38,331,55,20,2,0,0,117,27,298,53,174,29,1142,213,723,133,593,109,160,37,1156,205,363,73,332,66,317,49,304,54
157,17404,2513,15,0,6,0,9,0,0,0,0,0,0,0,0,0,2,0,0,0,0,0,2,0,11,0,0,0,15,0,9,0,6,0,7,0,8,0,5,0,5,0,1,0,4,0
158,17405,2701,1584,284,779,90,801,193,4,1,0,0,572,148,34,5,134,13,5,0,0,0,180,32,659,86,118,7,1466,277,201,18,1383,266,99,6,1485,278,364,58,392,85,389,64,439,77
159,17405,3282,1370,113,647,26,711,86,12,1,6,1,290,43,89,4,341,23,6,0,0,0,132,10,506,32,182,11,1188,102,471,24,899,89,191,7,1179,106,364,30,324,35,351,26,331,22
160,17405,3486,1852,480,874,128,969,350,9,2,2,0,1014,301,41,15,144,21,6,1,0,0,180,38,465,104,132,36,1720,444,237,66,1615,414,114,22,1738,458,495,136,462,114,452,117,443,113
161,17405,3588,1660,122,768,36,888,85,4,1,3,0,728,90,63,0,302,7,3,0,0,0,124,5,437,20,195,6,1465,116,411,8,1249,114,125,1,1535,121,411,34,403,33,394,23,452,32
162,17406,2848,933,37,450,12,476,25,7,0,5,1,222,8,180,8,342,16,53,1,0,0,45,0,86,3,261,9,672,28,709,28,224,9,87,4,846,33,247,4,224,16,233,9,229,8
163,17407,1756,66,2,34,0,30,2,2,0,0,0,0,0,2,0,10,0,0,0,0,0,9,0,45,2,1,0,65,2,9,0,57,2,14,0,52,2,3,0,11,0,20,0,32,2
164,17407,1854,33,8,13,0,20,8,0,0,0,0,0,0,0,0,4,0,0,0,0,0,2,1,27,7,0,0,33,8,4,0,29,8,2,0,31,8,11,5,9,2,7,0,6,1
165,17407,3524,956,65,480,13,464,52,12,0,3,0,40,2,7,0,138,2,1,0,0,0,55,5,712,56,33,1,923,64,131,5,825,60,89,4,867,61,239,29,245,16,263,12,209,8
166,17408,2702,295,29,156,14,139,15,0,0,9,1,7,1,29,4,108,7,18,0,0,0,30,2,94,14,34,4,261,25,214,19,81,10,30,3,265,26,44,3,66,1,66,9,119,16
167,17408,2795,1954,18,961,4,993,14,0,0,43,1,163,4,170,1,719,5,137,0,0,0,182,2,540,5,407,1,1547,17,1228,8,726,10,274,1,1680,17,482,8,484,1,485,3,503,6
168,17408,4474,1982,56,981,9,1001,47,0,0,11,0,243,14,110,0,636,9,84,2,0,0,172,4,726,27,288,3,1694,53,922,26,1060,30,128,2,1854,54,527,4,507,5,497,19,451,28
169,17409,2849,2864,297,1349,74,1503,221,12,2,14,0,235,51,93,10,344,34,14,2,0,0,274,29,1890,171,56,8,2808,289,546,48,2318,249,334,20,2530,277,774,90,740,85,684,64,666,58
170,17410,1502,45,0,20,0,25,0,0,0,0,0,0,0,0,0,4,0,1,0,0,0,3,0,37,0,0,0,45,0,12,0,33,0,11,0,34,0,15,0,12,0,6,0,12,0
171,17410,2850,2162,181,1028,41,1124,139,10,1,7,0,165,35,24,1,219,9,5,0,0,0,131,13,1611,123,54,3,2108,178,288,16,1874,165,226,9,1936,172,573,48,555,61,492,40,542,32
172,17411,1624,35,0,9,0,26,0,0,0,0,0,4,0,1,0,5,0,0,0,0,0,2,0,23,0,0,0,35,0,3,0,32,0,32,0,3,0,6,0,4,0,7,0,18,0
173,17411,3385,2586,545,1267,170,1319,375,0,0,5,1,709,240,82,8,290,35,11,0,0,0,230,41,1259,220,125,15,2461,530,365,33,2221,512,220,15,2366,530,629,114,651,169,663,148,643,114
174,17411,3569,131,0,32,0,98,0,1,0,3,0,2,0,12,0,49,0,4,0,0,0,10,0,51,0,20,0,111,0,128,0,3,0,55,0,76,0,33,0,47,0,36,0,15,0
175,17411,3962,1537,323,746,95,791,228,0,0,4,0,380,97,36,6,196,29,8,1,0,0,135,27,778,163,57,4,1480,319,264,43,1273,280,151,19,1386,304,405,109,407,91,349,68,376,55
176,17411,4495,2289,371,1118,126,1171,245,0,0,4,0,897,235,36,4,208,17,6,1,0,0,190,24,948,90,59,4,2230,367,165,16,2124,355,176,15,2113,356,604,61,541,55,579,135,565,120
177,17412,3343,1541,149,735,29,787,120,19,0,7,1,194,23,153,13,240,18,5,0,0,0,187,27,755,67,71,8,1470,141,488,43,1053,106,167,15,1374,134,381,37,378,30,391,35,391,47
178,17412,3921,1595,119,760,30,826,86,9,3,6,1,244,33,124,11,229,7,14,0,0,0,167,10,811,57,87,8,1508,111,475,32,1120,87,187,5,1408,114,423,21,366,25,375,24,431,49
179,17414,1688,22,0,14,0,7,0,1,0,0,0,1,0,0,0,1,0,0,0,0,0,4,0,16,0,0,0,22,0,5,0,17,0,6,0,16,0,7,0,4,0,8,0,3,0
180,17414,1706,185,0,95,0,89,0,1,0,0,0,92,0,1,0,7,0,1,0,0,0,15,0,69,0,0,0,185,0,9,0,176,0,5,0,180,0,54,0,37,0,49,0,45,0
181,17414,1804,27,0,14,0,13,0,0,0,0,0,3,0,4,0,6,0,0,0,0,0,4,0,10,0,1,0,26,0,12,0,15,0,8,0,19,0,0,0,2,0,9,0,16,0
182,17414,2739,2002,272,940,80,1046,192,16,0,3,1,352,97,67,4,292,18,2,0,0,0,173,32,1113,120,145,12,1857,260,322,20,1680,252,195,7,1807,265,516,110,556,101,490,38,440,23
183,17414,3528,2252,258,1049,79,1183,174,20,5,4,0,708,119,64,4,301,17,5,0,0,0,186,12,984,106,128,8,2124,250,319,17,1933,241,221,19,2031,239,579,71,542,100,571,43,560,44
184,17414,3771,1678,178,800,43,865,135,13,0,2,0,269,62,67,0,287,13,2,0,0,0,187,19,864,84,184,4,1494,174,403,20,1275,158,206,9,1472,169,453,50,422,57,435,41,368,30
185,17414,3855,43,0,21,0,20,0,2,0,0,0,4,0,1,0,8,0,0,0,0,0,3,0,27,0,0,0,43,0,9,0,34,0,17,0,26,0,4,0,11,0,14,0,14,0
186,17414,4439,2367,478,1149,167,1204,310,14,1,4,2,761,275,39,5,179,27,0,0,0,0,145,24,1239,145,87,14,2280,464,131,15,2236,463,232,11,2135,467,643,130,567,142,614,142,543,64
187,17415,1807,14,0,1,0,12,0,1,0,0,0,1,0,4,0,5,0,1,0,0,0,1,0,2,0,0,0,14,0,14,0,0,0,0,0,14,0,0,0,0,0,0,0,14,0
188,17415,2797,2341,57,1097,19,1241,38,3,0,5,0,403,13,446,16,831,15,162,3,0,0,158,2,336,8,726,10,1615,47,1774,39,567,18,237,3,2104,54,668,15,615,6,565,15,493,21
189,17415,3640,2100,116,1003,26,1091,90,6,0,2,0,662,48,253,10,340,10,30,0,0,0,219,11,594,37,222,10,1878,106,836,43,1264,73,207,8,1893,108,564,36,534,28,497,19,505,33
190,17415,4128,1959,159,908,38,1047,121,4,0,2,0,485,51,191,13,399,32,42,0,0,0,173,15,667,48,253,17,1706,142,923,68,1036,91,185,8,1774,151,499,38,518,47,459,28,483,46
191,17415,4492,1645,136,795,30,847,106,3,0,6,0,206,24,155,9,361,26,30,2,0,0,157,14,730,61,207,12,1438,124,840,63,805,73,212,11,1433,125,441,51,393,28,398,23,413,34
192,17417,1814,168,0,72,0,95,0,1,0,0,0,13,0,9,0,34,0,0,0,0,0,18,0,94,0,14,0,154,0,25,0,143,0,29,0,139,0,29,0,40,0,47,0,52,0
193,17417,1815,31,0,14,0,15,0,2,0,0,0,1,0,4,0,3,0,0,0,0,0,0,0,23,0,2,0,29,0,4,0,27,0,28,0,3,0,7,0,3,0,7,0,14,0
194,17417,3106,1858,145,899,34,943,111,16,0,5,0,251,51,49,3,306,12,0,0,0,0,195,13,1052,66,95,2,1763,143,363,19,1495,126,208,5,1650,140,457,53,462,31,477,37,462,24
195,17417,3492,1613,105,765,25,830,80,18,0,4,0,298,33,25,0,288,13,2,0,0,0,159,5,837,54,123,5,1490,100,299,11,1314,94,166,4,1447,101,381,8,402,35,425,33,405,29
196,17417,3811,137,0,62,0,65,0,10,0,2,0,4,0,4,0,26,0,0,0,0,0,15,0,86,0,8,0,129,0,50,0,87,0,21,0,116,0,18,0,28,0,34,0,57,0
197,17417,4208,1725,331,816,116,902,214,7,1,4,1,190,60,23,2,180,30,2,0,0,0,140,22,1186,216,54,8,1671,323,189,29,1536,302,179,27,1546,304,445,101,439,103,413,76,428,51
198,18100,1737,149,30,80,13,67,16,2,1,4,2,2,0,4,1,26,9,0,0,0,0,30,5,83,13,5,1,144,29,108,20,41,10,18,1,131,29,29,6,27,11,36,5,57,8
199,18100,3109,1338,54,613,5,718,49,7,0,15,1,60,1,86,3,302,9,35,0,0,0,179,7,661,33,115,0,1223,54,838,32,500,22,239,5,1099,49,350,26,336,13,331,10,321,5
200,18100,4038,24,0,11,0,13,0,0,0,1,0,0,0,1,0,1,0,0,0,0,0,2,0,19,0,0,0,24,0,8,0,16,0,0,0,24,0,0,0,0,0,10,0,14,0
201,18303,2395,1304,166,619,54,679,111,6,1,3,0,64,7,12,3,116,14,3,0,0,0,112,16,994,126,9,2,1295,164,133,15,1171,151,102,10,1202,156,333,56,310,37,304,30,357,43
202,18400,1733,103,0,56,0,47,0,0,0,0,0,1,0,1,0,17,0,1,0,0,0,6,0,77,0,2,0,101,0,36,0,67,0,13,0,90,0,24,0,11,0,35,0,33,0
203,18400,3236,1121,134,533,42,585,91,3,1,14,2,55,6,21,0,205,29,8,1,0,0,95,13,723,83,38,5,1083,129,308,30,813,104,136,19,985,115,275,35,302,41,269,29,275,29
204,18401,2615,1740,123,864,21,873,102,3,0,4,1,123,12,69,3,228,19,24,0,64,5,269,19,959,64,54,4,1686,119,467,33,1273,90,199,12,1541,111,463,36,434,29,454,25,389,33
205,18401,4100,1249,84,591,14,649,68,9,2,8,2,73,7,45,0,164,9,25,1,134,13,221,15,579,37,53,5,1196,79,493,39,756,45,185,3,1064,81,331,34,302,14,318,17,298,19
206,18401,4509,599,20,310,4,283,15,6,1,0,0,2,0,3,0,50,0,2,0,32,0,82,3,428,17,12,0,587,20,162,2,437,18,89,0,510,20,154,6,151,4,156,7,138,3
207,18402,1718,219,6,126,2,90,4,3,0,2,0,3,0,4,0,25,0,5,0,0,0,29,0,151,6,0,0,219,6,101,0,118,6,24,0,195,6,54,0,50,1,64,3,51,2
208,18402,2272,2610,349,1212,53,1373,294,25,2,23,2,120,14,45,10,325,44,58,8,0,0,324,43,1715,228,82,16,2528,333,955,129,1655,220,405,54,2205,295,695,121,656,135,682,57,577,36
209,18801,3481,32,0,14,0,18,0,0,0,3,0,0,0,3,0,3,0,1,0,0,0,0,0,22,0,0,0,32,0,32,0,0,0,6,0,26,0,9,0,9,0,9,0,5,0
210,18402,3899,264,0,110,0,153,0,1,0,6,0,5,0,6,0,36,0,13,0,0,0,33,0,165,0,2,0,262,0,176,0,88,0,41,0,223,0,1,0,19,0,105,0,139,0
211,19028,3554,26,6,13,1,13,5,0,0,0,0,0,0,0,0,10,2,0,0,0,0,1,1,15,3,2,1,24,5,23,4,3,2,2,0,24,6,7,0,7,1,7,2,5,3
212,19400,2514,50,0,33,0,17,0,0,0,0,0,0,0,2,0,4,0,0,0,0,0,5,0,39,0,1,0,49,0,29,0,21,0,8,0,42,0,16,0,10,0,11,0,13,0
213,19401,2996,1026,96,524,23,500,73,2,0,8,0,18,3,8,0,209,12,0,0,0,0,32,4,751,77,40,1,986,95,377,31,649,65,98,5,928,91,272,28,248,26,245,21,261,21
214,19403,2766,220,14,109,3,110,11,1,0,0,0,2,0,0,0,54,2,0,0,0,0,3,0,161,12,16,0,204,14,119,6,101,8,36,0,184,14,49,3,57,6,53,1,61,4
215,19403,3213,28,0,0,0,28,0,0,0,0,0,2,0,1,0,12,0,0,0,0,0,0,0,13,0,0,0,28,0,10,0,18,0,0,0,28,0,5,0,13,0,9,0,1,0
216,19404,2329,260,0,119,0,137,0,4,0,2,0,1,0,1,0,25,0,0,0,0,0,14,0,217,0,5,0,255,0,95,0,165,0,32,0,228,0,77,0,66,0,57,0,60,0
217,20094,2605,20,0,7,0,13,0,0,0,3,0,0,0,0,0,1,0,0,0,0,0,1,0,15,0,0,0,20,0,17,0,3,0,2,0,18,0,4,0,6,0,5,0,5,0
218,20203,3392,38,0,25,0,13,0,0,0,0,0,0,0,3,0,11,0,0,0,0,0,0,0,24,0,0,0,38,0,18,0,20,0,6,0,32,0,11,0,10,0,8,0,9,0
219,20400,2676,71,1,38,0,33,1,0,0,0,0,2,0,3,0,14,0,0,0,0,0,3,0,49,1,1,0,70,1,0,0,71,1,7,0,64,1,22,0,20,0,14,1,15,0
220,20401,3048,23,0,13,0,10,0,0,0,3,0,0,0,0,0,2,0,0,0,1,0,6,0,11,0,0,0,23,0,8,0,15,0,5,0,18,0,10,0,5,0,7,0,1,0
221,20402,3494,26,0,10,0,16,0,0,0,2,0,0,0,0,0,1,0,0,0,0,0,0,0,23,0,0,0,26,0,8,0,18,0,1,0,25,0,8,0,7,0,5,0,6,0
222,20404,2856,347,0,163,0,183,0,1,0,12,0,4,0,0,0,37,0,1,0,0,0,16,0,277,0,10,0,337,0,199,0,148,0,43,0,304,0,90,0,100,0,83,0,74,0
223,20405,2330,375,3,155,0,220,3,0,0,7,0,3,0,1,0,129,1,1,0,0,0,11,0,223,2,48,0,327,3,157,3,218,0,54,2,321,1,112,0,88,1,78,0,97,2
224,20406,3111,75,0,36,0,39,0,0,0,5,0,0,0,0,0,14,0,0,0,0,0,6,0,50,0,2,0,73,0,62,0,13,0,15,0,60,0,16,0,17,0,27,0,15,0
225,21014,2273,269,25,120,8,149,17,0,0,1,0,3,1,3,1,41,2,0,0,0,0,20,3,201,18,2,0,267,25,126,12,143,13,21,0,248,25,77,0,76,1,63,17,53,7
226,21206,3238,178,0,77,0,100,0,1,0,2,0,1,0,1,0,53,0,2,0,0,0,3,0,116,0,14,0,164,0,108,0,70,0,31,0,147,0,56,0,42,0,46,0,34,0
227,21214,3112,146,0,62,0,83,0,1,0,1,0,2,0,0,0,24,0,0,0,0,0,14,0,105,0,0,0,146,0,94,0,52,0,17,0,129,0,35,0,35,0,42,0,34,0
228,21226,2441,238,0,119,0,119,0,0,0,3,0,5,0,2,0,14,0,1,0,0,0,3,0,210,0,3,0,235,0,70,0,168,0,20,0,218,0,75,0,66,0,44,0,53,0
229,21232,3597,234,10,107,3,123,7,4,0,1,0,1,0,1,0,55,1,0,0,0,0,18,2,158,7,17,1,217,9,183,9,51,1,45,4,189,6,57,2,62,0,59,4,56,4
230,21237,2616,236,0,116,0,119,0,1,0,1,0,0,0,0,0,38,0,0,0,0,0,20,0,177,0,5,0,231,0,120,0,116,0,45,0,191,0,62,0,73,0,44,0,57,0
231,21300,2331,298,0,149,0,149,0,0,0,4,0,0,0,1,0,44,0,0,0,0,0,14,0,235,0,9,0,289,0,169,0,129,0,60,0,238,0,93,0,79,0,52,0,74,0
232,21301,2858,79,15,35,4,44,11,0,0,2,0,0,0,0,0,3,0,0,0,0,0,4,0,70,15,0,0,79,15,50,11,29,4,12,1,67,14,18,3,20,6,16,1,25,5
233,21302,2027,155,0,0,0,155,0,0,0,2,0,3,0,30,0,64,0,5,0,0,0,19,0,32,0,18,0,137,0,74,0,81,0,63,0,92,0,0,0,0,0,73,0,82,0
234,21302,2799,1041,0,514,0,527,0,0,0,2,0,17,0,8,0,198,0,1,0,0,0,49,0,766,0,34,0,1007,0,474,0,567,0,160,0,881,0,267,0,249,0,267,0,258,0
235,21303,2859,137,0,74,0,63,0,0,0,3,0,0,0,2,0,22,0,0,0,0,0,8,0,102,0,0,0,137,0,84,0,53,0,20,0,117,0,30,0,24,0,53,0,30,0
236,21401,2166,1057,116,503,48,554,68,0,0,9,0,15,6,13,1,395,37,3,0,0,0,54,6,568,66,20,3,1037,113,798,95,259,21,159,8,898,108,280,43,278,21,271,16,228,36
237,22008,2186,41,2,25,0,16,2,0,0,0,0,0,0,0,0,3,0,0,0,0,0,7,0,31,2,0,0,41,2,20,1,21,1,9,0,32,2,16,2,13,0,4,0,8,0
238,22009,2478,251,23,112,2,137,20,2,1,7,0,0,0,1,0,15,2,0,0,0,0,14,0,214,21,0,0,251,23,112,12,139,11,36,2,215,21,73,7,60,12,53,4,65,0
239,22073,2863,34,3,14,1,20,2,0,0,0,0,0,0,0,0,1,0,0,0,0,0,1,0,32,3,0,0,34,3,12,1,22,2,9,1,25,2,9,0,12,0,8,3,5,0
240,22105,2443,82,32,33,12,49,20,0,0,0,0,1,1,1,0,9,1,0,0,0,0,1,1,70,29,0,0,82,32,37,18,45,14,4,1,78,31,21,18,23,5,20,6,18,3
241,22200,3289,108,17,56,12,51,5,1,0,13,3,1,0,0,0,11,2,0,0,0,0,6,2,77,10,0,0,108,17,39,5,69,12,19,0,89,17,28,0,27,7,26,8,27,2
242,22204,3113,27,3,20,3,7,0,0,0,0,0,1,0,1,0,2,0,0,0,0,0,2,0,21,3,0,0,27,3,13,2,14,1,8,2,19,1,6,3,5,0,11,0,5,0
243,22207,3173,190,11,91,2,99,9,0,0,5,0,2,0,1,0,6,0,0,0,0,0,10,0,166,11,0,0,190,11,86,5,104,6,25,2,165,9,45,1,49,6,59,4,37,0
244,23309,1888,27,0,7,0,19,0,1,0,4,0,0,0,0,0,4,0,0,0,0,0,6,0,13,0,0,0,27,0,8,0,19,0,7,0,20,0,6,0,7,0,10,0,4,0
245,23309,3241,1707,82,803,35,892,47,12,0,71,2,8,0,17,0,548,29,3,0,0,0,115,6,945,45,220,9,1487,73,1063,60,644,22,203,7,1504,75,442,5,457,28,388,15,420,34
246,23309,4288,278,0,129,0,146,0,3,0,10,0,1,0,2,0,58,0,0,0,0,0,30,0,177,0,16,0,262,0,205,0,73,0,62,0,216,0,39,0,40,0,85,0,114,0
247,23403,1680,78,0,36,0,42,0,0,0,2,0,0,0,0,0,10,0,0,0,0,0,5,0,61,0,3,0,75,0,50,0,28,0,14,0,64,0,6,0,18,0,26,0,28,0
248,23403,1861,108,0,65,0,43,0,0,0,1,0,2,0,1,0,20,0,0,0,0,0,4,0,80,0,7,0,101,0,57,0,51,0,7,0,101,0,20,0,34,0,31,0,23,0
249,23403,3175,805,0,376,0,427,0,2,0,15,0,11,0,7,0,206,0,5,0,0,0,48,0,513,0,116,0,689,0,427,0,378,0,127,0,678,0,216,0,179,0,207,0,203,0
250,24019,2031,522,44,262,16,258,27,2,1,105,8,6,0,6,0,149,14,0,0,0,0,67,6,189,16,21,2,501,42,385,30,137,14,93,5,429,39,141,6,149,12,130,14,102,12
251,24019,4279,39,0,27,0,12,0,0,0,9,0,0,0,0,0,9,0,0,0,0,0,2,0,19,0,1,0,38,0,32,0,7,0,7,0,32,0,6,0,11,0,10,0,12,0
252,24105,2246,323,14,143,6,180,8,0,0,43,3,0,0,2,0,85,5,0,0,0,0,15,0,178,6,18,2,305,12,215,9,108,5,54,3,269,11,97,2,76,3,78,7,72,2
253,24105,3193,25,0,11,0,14,0,0,0,10,0,0,0,0,0,4,0,0,0,0,0,1,0,10,0,0,0,25,0,8,0,17,0,0,0,25,0,7,0,9,0,6,0,3,0
254,24111,2800,302,22,147,9,155,13,0,0,3,0,1,0,0,0,263,19,0,0,1,0,3,1,31,2,65,7,237,15,270,21,32,1,31,1,271,21,84,5,80,9,69,1,69,7
255,24122,2397,101,14,53,10,47,4,1,0,2,0,2,0,1,0,69,12,0,0,0,0,0,0,27,2,10,0,91,14,75,12,26,2,13,1,88,13,29,5,26,0,23,3,23,6
256,24350,1621,46,0,23,0,22,0,1,0,0,0,0,0,0,0,6,0,0,0,0,0,1,0,39,0,1,0,45,0,28,0,18,0,10,0,36,0,6,0,11,0,15,0,14,0
257,24350,2146,196,0,89,0,106,0,1,0,0,0,3,0,2,0,17,0,0,0,0,0,4,0,170,0,7,0,189,0,73,0,123,0,20,0,176,0,55,0,42,0,50,0,49,0
258,24404,2679,356,15,183,4,173,11,0,0,3,0,1,0,0,0,157,9,1,0,0,0,18,0,176,6,25,2,331,13,290,13,66,2,44,2,312,13,87,3,91,2,100,5,78,5
259,24410,2706,180,11,94,5,86,6,0,0,2,1,2,0,1,0,72,6,0,0,0,0,6,0,97,4,17,2,163,9,133,9,47,2,25,1,155,10,44,8,49,0,45,0,42,3
260,25101,4220,333,29,159,7,174,22,0,0,3,0,2,0,0,0,60,3,0,0,0,0,19,4,249,22,14,0,319,29,205,15,128,14,62,0,271,29,95,16,87,8,80,4,71,1
261,25116,2357,207,0,88,0,118,0,1,0,5,0,10,0,6,0,53,0,1,0,15,0,8,0,109,0,24,0,183,0,136,0,71,0,37,0,170,0,57,0,45,0,51,0,54,0
262,25118,2214,178,0,80,0,97,0,1,0,2,0,7,0,0,0,69,0,0,0,0,0,26,0,74,0,28,0,150,0,131,0,47,0,32,0,146,0,42,0,44,0,61,0,31,0
263,25155,3295,103,10,50,2,53,8,0,0,5,0,3,0,1,0,11,1,1,0,0,0,3,0,79,9,4,1,99,9,58,5,45,5,15,0,88,10,23,1,29,3,29,0,22,6
264,25155,3599,89,0,0,0,89,0,0,0,6,0,2,0,22,0,26,0,2,0,0,0,3,0,28,0,14,0,75,0,36,0,53,0,19,0,70,0,0,0,2,0,25,0,62,0
265,25160,2542,116,0,56,0,60,0,0,0,2,0,1,0,0,0,15,0,0,0,1,0,3,0,94,0,2,0,114,0,46,0,70,0,24,0,92,0,25,0,17,0,34,0,40,0
266,25200,2292,25,0,14,0,11,0,0,0,0,0,0,0,1,0,7,0,0,0,0,0,1,0,16,0,0,0,25,0,15,0,10,0,0,0,25,0,5,0,6,0,7,0,7,0
267,26056,2518,325,25,148,9,177,16,0,0,2,0,3,1,2,0,24,2,0,0,3,0,16,1,275,21,0,0,325,25,198,13,127,12,57,5,268,20,89,13,92,7,73,4,71,1
268,26059,2423,94,0,43,0,50,0,1,0,28,0,0,0,1,0,15,0,0,0,0,0,13,0,37,0,0,0,94,0,76,0,18,0,22,0,72,0,25,0,18,0,20,0,31,0
269,27001,4131,1031,17,505,6,526,11,0,0,9,0,96,1,93,0,185,4,17,0,0,0,173,3,458,9,29,0,1002,17,268,4,763,13,121,0,910,17,249,1,260,1,226,12,296,3
270,27003,1640,509,0,297,0,211,0,1,0,9,0,28,0,25,0,105,0,14,0,0,0,72,0,256,0,22,0,487,0,259,0,250,0,59,0,450,0,99,0,117,0,143,0,150,0
271,27003,2125,1804,115,842,33,951,82,11,0,27,2,134,13,70,7,299,15,41,3,0,0,228,16,1005,59,86,4,1718,111,622,34,1182,81,155,5,1649,110,0,0,609,41,596,32,599,42
272,27003,2575,135,30,60,9,75,21,0,0,2,2,10,2,9,2,24,6,6,0,0,0,25,7,59,11,15,5,120,25,46,13,89,17,9,2,126,28,135,30,0,0,0,0,0,0
273,27003,3052,284,45,133,12,151,33,0,0,6,1,24,9,10,2,47,8,2,0,0,0,29,6,166,19,13,2,271,43,105,21,179,24,27,5,257,40,284,45,0,0,0,0,0,0
274,27003,3447,276,47,120,6,156,41,0,0,9,1,16,3,7,1,55,13,0,0,0,0,39,4,150,25,20,1,256,46,115,19,161,28,34,7,242,40,271,47,5,0,0,0,0,0
275,27003,3645,1822,69,872,16,946,53,4,0,7,0,136,8,134,2,380,10,73,2,0,0,247,9,845,38,101,3,1721,66,746,31,1076,38,278,5,1544,64,2,0,630,29,590,13,600,27
276,27003,3750,308,57,159,17,149,40,0,0,2,0,22,7,17,2,60,10,13,4,0,0,46,7,148,27,25,4,283,53,132,33,176,24,36,3,272,54,306,57,2,0,0,0,0,0
277,27003,3972,155,0,77,0,76,0,2,0,7,0,6,0,6,0,30,0,6,0,0,0,25,0,75,0,11,0,144,0,85,0,70,0,10,0,145,0,15,0,28,0,49,0,63,0
278,27003,4183,279,53,137,18,140,35,2,0,2,0,10,3,16,3,59,11,6,1,0,0,39,8,147,27,18,2,261,51,121,16,158,37,38,4,241,49,277,53,2,0,0,0,0,0
279,27003,4443,296,31,136,7,160,24,0,0,2,0,19,4,21,3,79,7,13,1,0,0,42,4,120,12,15,1,281,30,126,9,170,22,30,2,266,29,296,31,0,0,0,0,0,0
280,27003,4540,1533,86,747,14,782,72,4,0,16,3,94,5,114,7,265,9,43,1,0,0,192,13,809,48,72,2,1461,84,568,33,965,53,178,16,1355,70,1,0,547,27,506,30,479,29
281,27010,1585,70,0,23,0,47,0,0,0,0,0,6,0,9,0,9,0,2,0,0,0,5,0,39,0,5,0,65,0,40,0,30,0,70,0,0,0,0,0,0,0,0,0,70,0
282,27010,1860,635,0,452,0,168,0,15,0,9,0,30,0,86,0,123,0,5,0,0,0,93,0,289,0,16,0,619,0,274,0,361,0,69,0,566,0,163,0,167,0,148,0,157,0
283,27010,2039,62,0,7,0,55,0,0,0,2,0,1,0,28,0,7,0,1,0,0,0,8,0,15,0,2,0,60,0,9,0,53,0,23,0,39,0,17,0,12,0,22,0,11,0
284,27010,2084,1707,143,892,58,809,85,6,0,14,2,148,15,161,14,294,23,23,0,0,0,229,22,838,67,105,4,1602,139,540,52,1167,91,184,3,1523,140,486,69,461,35,378,15,382,24
285,27010,2215,1821,162,845,55,976,107,0,0,25,2,214,21,364,28,601,52,110,15,0,0,209,18,298,26,276,24,1545,138,1196,116,625,46,271,22,1550,140,496,90,455,43,440,20,430,9
286,27010,3246,1217,0,580,0,628,0,9,0,13,0,85,0,145,0,165,0,11,0,0,0,150,0,648,0,64,0,1153,0,504,0,713,0,148,0,1069,0,309,0,325,0,293,0,290,0
287,27010,3398,1566,209,769,90,787,119,10,0,8,3,230,30,248,36,450,49,110,10,0,0,198,37,322,44,226,46,1340,163,1023,142,543,67,253,33,1313,176,436,127,401,32,353,20,376,30
288,27010,3880,727,1,351,0,371,1,5,0,4,0,63,0,146,0,179,0,23,0,0,0,98,0,214,1,81,0,646,1,437,1,290,0,154,1,573,0,234,0,167,0,176,0,150,1
289,27010,4109,241,95,124,39,116,56,1,0,5,1,6,1,65,24,43,24,11,4,0,0,37,12,74,29,17,9,224,86,169,70,72,25,60,26,181,69,40,23,49,19,68,34,84,19
290,27010,4283,26,0,14,0,11,0,1,0,0,0,0,0,3,0,3,0,0,0,0,0,1,0,19,0,0,0,26,0,11,0,15,0,17,0,9,0,4,0,10,0,8,0,4,0
291,27083,3179,480,51,214,7,264,44,2,0,3,1,55,3,43,6,79,10,6,2,0,0,81,6,213,23,11,0,469,51,192,23,288,28,52,4,428,47,480,51,0,0,0,0,0,0
292,27083,3600,1444,95,715,21,723,74,6,0,8,0,177,20,142,8,266,15,21,0,0,0,188,14,642,38,51,4,1393,91,589,37,855,58,129,9,1315,86,25,1,457,41,512,24,450,29
293,27320,3247,1797,246,844,98,950,148,3,0,15,2,53,7,20,4,346,43,11,3,0,0,170,22,1182,165,87,14,1710,232,584,94,1213,152,204,22,1593,224,470,64,466,70,430,60,431,52
294,27344,2942,925,29,442,4,478,25,5,0,6,0,13,1,19,1,140,3,8,0,4,0,92,2,643,22,23,0,902,29,312,5,613,24,140,1,785,28,247,9,247,8,215,7,216,5
295,27400,1825,24,0,7,0,17,0,0,0,0,0,0,0,5,0,7,0,0,0,0,0,5,0,7,0,0,0,24,0,18,0,6,0,24,0,0,0,0,0,0,0,13,0,11,0
296,27400,2041,58,0,15,0,40,0,3,0,1,0,1,0,8,0,8,0,0,0,0,0,3,0,37,0,0,0,58,0,14,0,44,0,34,0,24,0,5,0,11,0,16,0,26,0
297,27400,2425,1514,99,742,43,744,55,28,1,5,0,66,4,220,14,704,52,122,7,0,0,153,10,244,12,257,17,1257,82,1227,85,287,14,270,9,1244,90,403,27,436,25,401,22,274,25
298,27400,3456,1401,185,661,56,723,123,17,6,13,1,77,8,195,27,371,62,65,11,0,0,223,19,457,57,46,8,1355,177,698,89,703,96,190,22,1211,163,427,60,357,66,340,34,277,25
299,27401,1516,144,0,73,0,67,0,4,0,0,0,0,0,1,0,21,0,0,0,0,0,19,0,103,0,1,0,143,0,53,0,91,0,35,0,109,0,21,0,24,0,51,0,48,0
300,27401,2681,1558,110,781,19,771,91,6,0,6,1,30,4,14,2,146,6,2,0,0,0,179,11,1181,86,16,0,1542,110,366,16,1192,94,172,10,1386,100,390,26,395,26,388,32,385,26
301,27401,4081,1521,147,749,21,766,125,6,1,6,0,27,4,14,2,132,13,1,0,0,0,157,15,1184,113,17,0,1504,147,205,16,1316,131,132,4,1389,143,371,24,382,36,396,34,372,53
302,27402,2876,1306,86,610,23,695,63,1,0,12,1,124,10,157,7,427,28,58,5,0,0,84,3,444,32,140,15,1166,71,843,57,463,29,166,8,1140,78,347,31,354,22,333,23,272,10
303,27402,3648,1099,105,505,20,593,85,1,0,13,2,56,11,200,24,335,32,106,7,0,0,87,5,302,24,112,15,987,90,783,72,316,33,174,8,925,97,296,39,328,33,264,22,211,11
304,27402,4063,148,0,65,0,83,0,0,0,1,0,11,0,24,0,44,0,6,0,0,0,10,0,52,0,12,0,136,0,117,0,31,0,17,0,131,0,0,0,3,0,48,0,97,0
305,27403,1510,349,33,193,11,154,22,2,0,5,0,3,0,26,2,63,9,9,0,11,0,41,3,191,19,21,2,328,31,226,22,123,11,43,5,306,28,24,4,53,11,92,7,180,11
306,27403,2807,1860,106,875,25,978,81,7,0,17,0,57,7,110,3,336,18,89,6,55,3,270,10,926,59,99,3,1761,103,941,56,919,50,244,14,1616,92,498,27,474,29,493,27,395,23
307,27403,4158,1850,100,861,31,987,69,2,0,24,0,121,10,272,22,392,18,161,3,52,1,301,19,527,27,127,7,1723,93,1117,56,733,44,272,12,1578,88,589,27,458,26,428,20,375,27
308,27404,2206,638,89,305,28,328,60,5,1,5,1,5,0,2,0,50,6,4,1,0,0,46,8,526,73,7,0,631,89,247,31,391,58,73,2,565,87,189,48,166,14,151,12,132,15
309,27416,4569,1319,53,636,7,683,46,0,0,10,1,24,1,9,1,151,7,7,1,0,0,60,5,1058,37,33,3,1286,50,406,21,913,32,200,6,1119,47,346,24,336,12,301,4,336,13
310,27417,2773,934,73,478,12,454,61,2,0,12,0,106,7,66,5,221,17,69,3,0,0,67,8,393,33,111,12,823,61,419,34,515,39,87,6,847,67,0,0,347,25,305,21,282,27
311,28137,1892,86,4,45,0,40,3,1,1,1,0,3,0,1,0,9,0,0,0,0,0,9,0,63,4,0,0,86,4,24,0,62,4,7,0,79,4,26,3,25,1,19,0,16,0
312,28137,2750,146,5,67,0,79,5,0,0,1,0,1,0,0,0,31,0,1,0,0,0,11,0,101,5,10,0,136,5,67,0,79,5,26,0,120,5,44,0,33,0,41,4,28,1
313,28144,2632,73,0,35,0,38,0,0,0,0,0,3,0,1,0,23,0,0,0,0,0,1,0,45,0,7,0,66,0,48,0,25,0,15,0,58,0,25,0,15,0,18,0,15,0
314,28149,2879,259,48,128,21,130,27,1,0,1,0,3,1,1,1,59,6,0,0,0,0,13,3,182,37,13,2,246,46,106,19,153,29,43,1,216,47,68,14,66,8,69,14,56,12
315,29011,2810,145,0,55,0,87,0,3,0,1,0,3,0,0,0,23,0,0,0,0,0,3,0,115,0,1,0,144,0,114,0,31,0,29,0,116,0,38,0,50,0,24,0,33,0
316,29100,2362,1158,146,538,43,619,102,1,1,5,1,16,3,6,0,483,60,8,0,99,10,50,7,491,65,192,21,966,125,646,78,512,68,166,9,992,137,284,75,290,46,309,15,275,10
317,29101,1537,265,0,128,0,136,0,1,0,11,0,1,0,5,0,59,0,1,0,0,0,9,0,179,0,8,0,257,0,188,0,77,0,52,0,213,0,18,0,51,0,55,0,141,0
318,29101,2150,1330,119,651,14,678,105,1,0,23,1,15,1,8,1,336,30,2,1,0,0,64,6,882,79,106,10,1224,109,734,72,596,47,240,24,1090,95,367,43,335,38,339,24,289,14
319,29103,2467,809,1,384,0,423,1,2,0,4,0,22,0,11,0,105,0,1,0,0,0,57,0,609,1,10,0,799,1,213,0,596,1,77,0,732,1,238,0,188,1,225,0,158,0
320,29311,2276,230,12,110,5,118,7,2,0,65,5,1,0,0,0,29,1,0,0,0,0,22,1,113,5,56,5,174,7,135,8,95,4,35,3,195,9,45,5,50,2,56,3,79,2
321,29320,2295,2098,493,1051,155,1047,338,0,0,12,2,49,16,15,2,1204,256,19,2,0,0,56,16,743,199,451,91,1647,402,1372,319,726,174,234,53,1864,440,554,182,552,130,493,97,499,84
322,29320,3829,32,0,14,0,18,0,0,0,0,0,1,0,0,0,12,0,0,0,0,0,1,0,18,0,4,0,28,0,18,0,14,0,26,0,6,0,6,0,0,0,1,0,25,0
323,30303,3119,280,10,144,4,136,6,0,0,7,0,0,0,3,0,50,1,1,0,0,0,11,1,208,8,5,0,275,10,152,5,128,5,51,1,229,9,86,4,74,1,63,0,57,5
324,31002,2126,1720,112,789,14,911,96,20,2,20,1,108,14,74,5,470,20,55,0,0,0,119,16,874,56,229,8,1491,104,837,54,883,58,248,18,1472,94,492,70,489,19,393,13,346,10
325,31002,3407,1925,101,929,13,980,87,16,1,6,1,279,27,114,6,538,17,28,1,0,0,151,2,809,47,258,11,1667,90,863,35,1062,66,274,9,1651,92,470,43,489,21,472,19,494,18
326,31002,4137,235,21,123,8,107,11,5,2,4,0,6,0,8,0,47,5,3,0,0,0,23,1,144,15,17,0,218,21,146,9,89,12,36,1,199,20,34,0,58,1,58,3,85,17
327,31002,4438,2252,126,1033,32,1199,94,20,0,6,0,562,81,92,4,326,6,7,0,0,0,207,5,1052,30,142,2,2110,124,451,10,1801,116,205,1,2047,125,563,47,555,28,565,21,569,30
328,31004,2426,2208,140,1070,39,1138,101,0,0,8,0,119,10,55,2,360,20,13,3,0,0,208,19,1445,86,83,3,2125,137,623,32,1585,108,283,14,1925,126,0,0,738,38,761,37,709,65
329,31006,1848,44,0,14,0,30,0,0,0,0,0,4,0,7,0,12,0,0,0,0,0,3,0,18,0,3,0,41,0,21,0,23,0,44,0,0,0,0,0,0,0,0,0,44,0
330,31006,3688,2466,251,1170,61,1288,188,8,2,6,0,304,44,259,28,1038,90,55,4,0,0,199,20,605,65,545,41,1921,210,1570,152,896,99,380,32,2086,219,617,93,570,53,617,48,662,57
331,31006,4247,209,0,103,0,105,0,1,0,3,0,7,0,13,0,102,0,8,0,0,0,20,0,56,0,42,0,167,0,146,0,63,0,24,0,185,0,1,0,44,0,63,0,101,0
332,31006,4433,2227,264,1100,83,1124,181,3,0,6,0,448,86,131,12,361,26,17,0,0,0,273,39,991,101,164,15,2063,249,692,76,1535,188,234,23,1993,241,652,109,563,52,518,38,494,65
333,31015,1519,625,15,322,7,296,8,7,0,1,0,70,3,64,1,178,2,15,1,0,0,27,0,270,8,74,1,551,14,317,7,308,8,123,2,502,13,123,3,125,5,191,1,186,6
334,31015,3123,1613,101,764,27,840,74,9,0,7,1,215,19,116,12,402,18,14,1,0,0,93,4,766,46,192,6,1421,95,569,38,1044,63,194,15,1419,86,448,44,366,24,356,21,443,12
335,31015,3303,1476,121,648,29,815,91,13,1,12,0,213,24,118,11,268,16,10,1,0,0,85,7,770,62,163,9,1313,112,517,43,959,78,192,11,1284,110,356,46,375,40,383,31,362,4
336,31015,3464,1540,62,740,14,796,48,4,0,7,0,202,15,163,4,389,9,21,0,0,0,63,4,695,30,221,4,1319,58,663,19,877,43,180,5,1360,57,392,24,387,15,374,9,387,14
337,31015,3755,1439,47,693,11,723,36,23,0,5,0,298,18,134,7,429,4,21,0,0,0,54,2,498,16,241,4,1198,43,703,17,736,30,182,0,1257,47,352,21,349,8,365,4,373,14
338,31015,3854,250,0,109,0,121,0,20,0,2,0,14,0,19,0,56,0,1,0,0,0,11,0,147,0,15,0,235,0,132,0,118,0,107,0,143,0,26,0,36,0,63,0,125,0
339,31016,1714,107,0,60,0,47,0,0,0,1,0,0,0,0,0,14,0,1,0,0,0,8,0,83,0,2,0,105,0,44,0,63,0,12,0,95,0,18,0,28,0,27,0,34,0
340,31016,2523,1780,218,842,53,937,165,1,0,23,2,45,7,20,2,271,32,6,0,0,0,115,21,1300,154,90,8,1690,210,610,84,1170,134,253,25,1527,193,506,104,408,37,447,36,419,41
341,31016,4287,161,0,84,0,77,0,0,0,1,0,0,0,2,0,20,0,2,0,0,0,11,0,125,0,3,0,158,0,83,0,78,0,31,0,130,0,31,0,32,0,48,0,50,0
342,31025,1657,113,0,49,0,64,0,0,0,55,0,1,0,0,0,26,0,0,0,0,0,23,0,8,0,33,0,80,0,86,0,27,0,32,0,81,0,18,0,28,0,29,0,38,0
343,31103,1777,321,7,170,1,148,6,3,0,2,0,5,1,3,0,42,1,1,0,0,0,22,0,246,5,1,0,320,7,85,1,236,6,13,1,308,6,82,3,70,3,79,1,90,0
344,31103,1806,88,0,37,0,50,0,1,0,2,0,2,0,2,0,29,0,0,0,0,0,4,0,49,0,4,0,84,0,54,0,34,0,19,0,69,0,11,0,23,0,24,0,30,0
345,31103,1883,261,0,148,0,110,0,3,0,4,0,5,0,14,0,47,0,2,0,0,0,6,0,183,0,0,0,261,0,60,0,201,0,2,0,259,0,0,0,5,0,34,0,222,0
346,31103,4528,1650,65,770,14,870,50,10,1,20,0,45,4,17,0,472,9,12,3,0,0,96,4,988,45,151,2,1499,63,587,18,1063,47,246,1,1404,64,444,13,381,18,422,21,403,13
347,31201,2428,1622,27,788,7,829,20,5,0,15,0,36,4,10,0,237,5,3,0,0,0,113,0,1208,18,55,1,1567,26,412,4,1210,23,232,2,1390,25,423,5,406,4,400,10,393,8
348,31201,3981,32,0,10,0,22,0,0,0,0,0,0,0,0,0,9,0,0,0,0,0,3,0,20,0,0,0,32,0,11,0,21,0,3,0,29,0,3,0,7,0,11,0,11,0
349,31201,4265,186,2,95,2,91,0,0,0,2,0,1,0,0,0,27,0,0,0,0,0,16,0,140,2,4,0,182,2,83,0,103,2,31,0,155,2,21,0,29,0,62,0,74,2
350,31306,4204,926,151,416,68,502,80,8,3,12,3,19,2,23,1,195,40,17,5,0,0,105,15,555,85,71,7,855,144,398,84,528,67,155,22,771,129,234,68,243,36,210,29,239,18
351,31311,4274,613,75,269,16,344,59,0,0,9,2,17,5,11,0,153,11,0,0,0,0,30,6,393,51,49,4,564,71,308,36,305,39,114,8,499,67,189,28,146,18,145,15,133,14
352,31330,3188,137,0,62,0,75,0,0,0,2,0,0,0,1,0,11,0,0,0,0,0,17,0,106,0,0,0,137,0,72,0,65,0,26,0,111,0,33,0,35,0,31,0,38,0
353,31332,2580,573,52,277,21,296,31,0,0,12,0,12,0,19,3,101,10,8,2,0,0,29,2,392,35,32,5,541,47,219,19,354,33,106,1,467,51,172,21,152,23,116,6,133,2
354,31401,1707,191,1,108,1,82,0,1,0,1,0,0,0,1,0,15,0,1,0,0,0,23,0,150,1,1,0,190,1,90,0,101,1,44,0,147,1,30,0,43,0,53,0,65,1
355,31401,2581,1351,215,646,75,695,135,10,5,12,1,35,6,17,1,174,24,9,2,0,0,64,10,1040,171,32,4,1319,211,404,75,947,140,198,25,1153,190,361,100,332,37,338,27,320,51
356,32081,1533,32,0,24,0,8,0,0,0,1,0,1,0,0,0,1,0,0,0,0,0,7,0,22,0,1,0,31,0,23,0,9,0,17,0,15,0,11,0,8,0,4,0,9,0
357,32081,1567,173,12,106,4,66,7,1,1,3,0,0,0,6,2,13,1,3,0,0,0,29,2,119,7,3,1,170,11,123,12,50,0,34,2,139,10,34,0,31,0,51,6,57,6
358,32081,1603,20,0,20,0,0,0,0,0,1,0,1,0,0,0,4,0,0,0,0,0,3,0,11,0,0,0,20,0,2,0,18,0,0,0,20,0,3,0,7,0,7,0,3,0
359,32081,1604,10,0,8,0,2,0,0,0,0,0,0,0,0,0,3,0,0,0,0,0,2,0,5,0,0,0,10,0,2,0,8,0,2,0,8,0,7,0,1,0,2,0,0,0
360,32081,1698,76,0,21,0,55,0,0,0,1,0,1,0,4,0,13,0,0,0,0,0,5,0,52,0,5,0,71,0,36,0,40,0,72,0,4,0,0,0,0,0,0,0,76,0
361,32081,2106,1611,111,797,17,811,94,3,0,23,3,41,3,53,7,188,18,36,3,0,0,211,7,1059,70,106,9,1505,102,932,65,679,46,247,8,1364,103,463,61,410,18,413,22,325,10
362,32081,2172,1997,230,980,54,1008,176,9,0,26,2,66,7,66,4,198,21,52,4,0,0,264,23,1325,169,111,10,1886,220,777,73,1220,157,240,22,1757,208,546,65,534,49,465,49,452,67
363,32081,2479,1802,210,858,71,935,137,9,2,28,4,32,5,91,11,256,23,133,16,0,0,297,34,965,117,222,29,1580,181,1356,152,446,58,333,51,1469,159,515,120,501,35,434,26,352,29
364,32081,3008,61,9,24,4,36,5,1,0,0,0,0,0,1,0,3,2,0,0,0,0,8,1,49,6,0,0,61,9,23,7,38,2,1,0,60,9,18,6,11,3,23,0,9,0
365,32081,3189,1313,64,620,18,692,46,1,0,13,1,10,2,32,1,129,9,10,0,0,0,184,9,935,42,29,0,1284,64,686,31,627,33,246,3,1067,61,386,32,359,11,291,11,277,10
366,32081,3412,1817,25,869,4,938,21,10,0,22,0,71,2,64,0,199,4,20,0,0,0,215,2,1226,17,99,0,1718,25,795,9,1022,16,241,1,1576,24,502,6,504,6,393,5,418,8
367,32081,4191,13,0,9,0,4,0,0,0,0,0,0,0,3,0,1,0,0,0,0,0,0,0,9,0,1,0,12,0,6,0,7,0,0,0,13,0,0,0,0,0,5,0,8,0
368,32325,4333,531,38,253,7,278,31,0,0,10,1,11,1,6,0,39,5,4,0,0,0,26,0,435,31,1,0,530,38,155,11,376,27,70,9,461,29,144,17,126,9,130,5,131,7
369,32326,2890,535,42,269,17,264,25,2,0,2,0,7,1,17,1,58,4,1,0,0,0,38,5,412,31,8,1,527,41,194,20,341,22,63,3,472,39,144,25,129,7,140,4,122,6
370,32801,3352,101,0,17,0,84,0,0,0,5,0,0,0,2,0,37,0,0,0,0,0,3,0,54,0,0,0,101,0,78,0,23,0,0,0,101,0,24,0,34,0,30,0,13,0
371,32354,1858,283,1,161,1,121,0,1,0,3,0,1,0,2,0,17,0,4,1,0,0,26,0,230,0,4,0,279,1,143,1,140,0,19,0,264,1,59,1,74,0,81,0,69,0
372,32354,2402,1904,92,918,14,980,78,6,0,12,1,25,1,31,1,114,6,10,0,0,0,192,6,1520,77,18,1,1886,91,578,26,1326,66,291,13,1613,79,496,51,468,12,451,13,489,16
373,32354,4491,1645,59,826,8,816,51,3,0,10,0,27,1,17,0,87,2,51,0,0,0,114,2,1339,54,70,0,1575,59,537,19,1108,40,180,9,1465,50,422,26,423,10,391,11,409,12
374,32356,3065,1733,136,833,28,895,107,5,1,18,2,58,5,51,5,72,5,29,2,0,0,92,4,1413,113,105,4,1628,132,595,39,1138,97,152,13,1581,123,383,46,358,24,389,17,603,49
375,32356,3415,1685,120,841,29,842,91,2,0,23,1,21,2,54,6,62,2,13,0,0,0,106,0,1406,109,32,1,1653,119,696,48,989,72,193,11,1492,109,431,54,430,20,422,20,402,26
376,32356,3918,157,0,82,0,72,0,3,0,4,0,1,0,0,0,7,0,0,0,0,0,13,0,132,0,2,0,155,0,86,0,71,0,27,0,130,0,24,0,32,0,34,0,67,0
377,32358,3192,299,27,139,9,160,18,0,0,1,0,6,1,3,0,16,2,0,0,0,0,8,0,265,24,0,0,299,27,74,8,225,19,33,4,266,23,85,14,67,1,77,2,70,10
378,32360,1769,138,0,64,0,74,0,0,0,6,0,0,0,4,0,13,0,0,0,0,0,16,0,99,0,1,0,137,0,99,0,39,0,34,0,104,0,19,0,28,0,37,0,54,0
379,32360,3610,1571,288,762,92,808,196,1,0,28,5,34,4,34,5,190,41,40,4,0,0,112,28,1133,201,52,4,1519,284,748,135,823,153,240,44,1331,244,463,86,391,81,400,63,317,58
380,32361,3360,1089,65,517,8,565,57,7,0,14,0,18,1,11,1,135,7,15,1,0,0,72,6,824,49,28,1,1061,64,615,34,474,31,195,9,894,56,315,28,250,12,286,8,238,17
381,32362,3416,198,0,90,0,108,0,0,0,0,0,2,0,2,0,14,0,0,0,0,0,9,0,171,0,0,0,198,0,62,0,136,0,23,0,175,0,50,0,52,0,48,0,48,0
382,32363,1628,406,65,2,0,15,4,389,61,5,2,1,0,9,0,52,13,10,1,0,0,25,1,304,48,10,0,396,65,390,64,16,1,36,11,370,54,78,6,87,9,98,16,143,34
383,32363,3195,930,65,428,10,489,53,13,2,5,0,17,2,20,1,91,5,4,0,0,0,80,1,713,56,23,2,907,63,439,33,491,32,129,7,801,58,250,34,251,15,213,7,216,9
384,32414,1852,165,0,74,0,91,0,0,0,1,0,3,0,1,0,15,0,1,0,0,0,3,0,141,0,0,0,165,0,52,0,113,0,1,0,164,0,53,0,37,0,35,0,40,0
385,32414,4123,739,27,362,10,377,17,0,0,16,0,9,0,7,1,50,0,1,0,0,0,11,1,645,25,5,0,734,27,382,10,357,17,107,2,632,25,194,1,166,10,196,2,183,14
386,32416,4228,516,0,233,0,283,0,0,0,6,0,8,0,5,0,35,0,2,0,0,0,21,0,439,0,2,0,514,0,248,0,268,0,72,0,444,0,127,0,138,0,135,0,116,0
387,33036,1763,82,0,39,0,42,0,1,0,2,0,0,0,0,0,2,0,0,0,0,0,6,0,72,0,0,0,82,0,50,0,32,0,17,0,65,0,19,0,22,0,21,0,20,0
388,33036,2404,235,18,97,0,138,18,0,0,6,2,8,0,0,0,14,1,1,1,0,0,18,0,188,14,1,0,234,18,119,8,116,10,38,5,197,13,66,9,55,3,63,3,51,3
389,33049,2550,110,0,52,0,58,0,0,0,75,0,0,0,0,0,9,0,0,0,0,0,23,0,3,0,27,0,83,0,94,0,16,0,26,0,84,0,38,0,27,0,32,0,13,0
390,33115,1594,57,0,30,0,27,0,0,0,2,0,0,0,0,0,8,0,1,0,0,0,2,0,44,0,0,0,57,0,42,0,15,0,8,0,49,0,7,0,8,0,20,0,22,0
391,33115,3310,550,77,277,17,272,60,1,0,5,1,2,0,1,0,40,7,1,0,0,0,25,3,476,66,3,0,547,77,296,35,254,42,63,5,487,72,162,17,127,17,134,16,127,27
392,33206,3508,48,0,19,0,29,0,0,0,13,0,0,0,0,0,10,0,0,0,0,0,4,0,21,0,0,0,48,0,33,0,15,0,8,0,40,0,14,0,12,0,13,0,9,0
393,33207,3311,180,0,83,0,97,0,0,0,17,0,2,0,1,0,31,0,1,0,0,0,18,0,110,0,2,0,178,0,120,0,60,0,33,0,147,0,54,0,44,0,46,0,36,0
394,33211,2958,51,8,25,5,26,3,0,0,2,0,0,0,0,0,2,0,0,0,0,0,1,0,46,8,0,0,51,8,40,8,11,0,4,1,47,7,18,0,7,0,15,2,11,6
395,33212,4206,261,57,126,22,135,35,0,0,4,0,2,0,2,0,20,4,0,0,0,0,16,3,217,50,1,0,260,57,156,43,105,14,40,7,221,50,60,29,76,14,61,8,64,6
396,34002,1627,184,2,106,1,77,1,1,0,0,0,1,0,1,0,45,0,2,0,0,0,17,1,118,1,6,0,178,2,114,1,70,1,18,0,166,2,14,0,24,0,45,1,101,1
397,34002,2633,1756,185,834,38,910,146,12,1,40,1,36,7,30,4,306,27,35,2,0,0,196,19,1113,125,55,6,1701,179,792,80,964,105,262,21,1494,164,505,62,444,49,423,31,384,43
398,34003,3010,1574,23,756,9,810,13,8,1,18,0,173,2,58,0,349,2,53,1,0,0,211,1,712,17,125,1,1449,22,790,11,784,12,192,2,1382,21,423,11,355,4,405,4,391,4
399,34003,3710,1479,135,688,21,779,113,12,1,7,1,94,13,108,6,311,25,43,2,0,0,195,15,721,73,48,1,1431,134,601,52,878,83,182,10,1297,125,379,31,388,29,359,26,353,49
400,34003,4427,1652,64,837,18,813,46,2,0,38,1,142,10,113,4,405,8,54,1,0,0,240,5,660,35,82,2,1570,62,766,30,886,34,196,6,1456,58,442,25,428,15,388,8,394,16
401,34033,1713,152,0,84,0,67,0,1,0,0,0,1,0,6,0,15,0,2,0,0,0,18,0,110,0,0,0,152,0,84,0,68,0,28,0,124,0,1,0,28,0,46,0,77,0
402,34033,3362,1189,76,576,24,613,52,0,0,7,1,22,0,33,5,183,8,3,0,0,0,110,5,831,57,22,2,1167,74,356,25,833,51,124,5,1065,71,286,52,275,7,307,4,321,13
403,34033,3925,72,0,24,0,48,0,0,0,2,0,1,0,1,0,16,0,0,0,0,0,13,0,39,0,0,0,72,0,15,0,57,0,14,0,58,0,19,0,20,0,24,0,9,0
404,34033,4225,425,22,185,2,236,20,4,0,10,0,8,1,5,0,92,7,4,0,0,0,22,1,284,13,0,0,425,22,129,7,296,15,0,0,425,22,1,0,26,0,172,10,226,12
405,34033,4500,894,61,432,22,462,39,0,0,6,0,37,3,17,1,122,9,5,0,0,0,96,5,611,43,11,1,883,60,307,19,587,42,95,7,799,54,232,33,232,9,226,10,204,9
406,34111,1768,203,0,102,0,95,0,6,0,1,0,1,0,4,0,28,0,0,0,0,0,12,0,157,0,0,0,203,0,78,0,125,0,28,0,175,0,45,0,37,0,63,0,58,0
407,34111,3132,1922,113,880,28,1020,83,22,2,5,0,178,18,39,3,211,7,16,1,0,0,188,12,1285,72,41,2,1881,111,410,13,1512,100,185,6,1737,107,505,38,429,24,482,18,506,33
408,34111,3960,1443,179,652,34,765,141,26,4,25,3,96,11,57,7,231,31,12,2,0,0,141,15,881,110,55,9,1388,170,561,83,882,96,199,26,1244,153,383,87,381,43,347,28,332,21
409,34307,2468,269,0,132,0,137,0,0,0,4,0,5,0,0,0,39,0,1,0,0,0,19,0,201,0,3,0,266,0,120,0,149,0,35,0,234,0,72,0,62,0,78,0,57,0
410,34401,1735,62,0,29,0,33,0,0,0,1,0,1,0,0,0,12,0,0,0,0,0,5,0,43,0,0,0,62,0,38,0,24,0,6,0,56,0,14,0,7,0,20,0,21,0
411,34401,4326,655,15,304,2,350,13,1,0,10,0,8,0,4,0,156,3,0,0,0,0,60,2,417,10,47,1,608,14,328,8,327,7,100,0,555,15,170,10,169,1,158,1,158,3
412,34402,3509,425,144,187,70,238,74,0,0,9,2,0,0,5,3,36,13,1,0,0,0,17,6,357,120,3,1,422,143,210,77,215,67,66,18,359,126,110,53,110,42,92,23,113,26
413,35200,3467,184,6,92,2,92,4,0,0,2,0,2,0,0,0,17,0,2,0,0,0,8,1,153,5,6,0,178,6,108,4,76,2,38,3,146,3,36,1,49,2,54,0,45,3
414,36140,3468,1744,79,836,16,898,63,10,0,7,0,33,3,16,0,709,20,5,0,0,0,57,5,917,51,146,1,1598,78,858,30,886,49,218,4,1526,75,438,18,432,37,452,10,422,14
415,36140,4071,206,0,93,0,109,0,4,0,6,0,3,0,1,0,69,0,0,0,0,0,6,0,121,0,17,0,189,0,153,0,53,0,56,0,150,0,56,0,61,0,62,0,27,0
416,36300,2160,75,8,30,3,45,5,0,0,0,0,0,0,1,0,36,5,0,0,0,0,1,1,37,2,13,2,62,6,38,4,37,4,13,1,62,7,15,0,18,4,17,4,25,0
417,36400,4049,232,18,113,6,119,12,0,0,2,0,2,0,5,1,103,6,0,0,0,0,6,0,114,11,36,1,196,17,140,8,92,10,29,3,203,15,67,0,60,11,61,6,44,1
418,36401,2386,88,0,46,0,42,0,0,0,1,0,1,0,1,0,12,0,0,0,0,0,3,0,70,0,2,0,86,0,47,0,41,0,9,0,79,0,25,0,22,0,23,0,18,0
419,36402,3575,73,2,40,0,33,2,0,0,0,0,0,0,0,0,63,2,0,0,0,0,0,0,10,0,19,0,54,2,70,2,3,0,14,0,59,2,23,0,20,0,17,1,13,1
420,37501,1647,269,3,147,0,110,3,12,0,9,0,2,0,4,0,50,0,2,0,0,0,17,0,185,3,4,0,265,3,153,1,116,2,80,1,189,2,54,0,48,0,88,1,79,2
421,37501,1799,38,0,36,0,1,0,1,0,0,0,0,0,2,0,5,0,1,0,0,0,6,0,24,0,2,0,36,0,15,0,23,0,9,0,29,0,5,0,15,0,9,0,9,0
422,37501,2553,1244,127,550,21,679,105,15,1,12,0,36,8,16,0,222,21,2,0,0,0,94,11,862,87,53,3,1191,124,419,27,825,100,167,8,1077,119,284,30,313,44,330,26,317,27
423,29801,3420,26,0,6,0,20,0,0,0,2,0,0,0,1,0,7,0,0,0,0,0,2,0,14,0,0,0,26,0,0,0,26,0,8,0,18,0,7,0,8,0,7,0,4,0
424,37501,3576,1209,115,545,24,649,89,15,2,8,1,74,14,24,1,144,8,3,0,0,0,92,10,864,81,37,2,1172,113,312,22,897,93,149,9,1060,106,286,38,323,34,292,21,308,22
425,37501,4515,1304,121,605,19,684,100,15,2,10,1,120,14,21,1,304,23,1,0,1,0,111,10,736,72,126,12,1178,109,509,42,795,79,222,17,1082,104,323,42,321,37,340,19,320,23
426,37502,2488,1389,120,662,26,713,94,14,0,85,7,67,7,23,2,332,22,7,1,0,0,88,8,787,73,102,12,1287,108,665,63,724,57,203,22,1186,98,375,43,328,20,344,25,342,32
427,37503,3136,668,0,317,0,350,0,1,0,7,0,35,0,8,0,107,0,5,0,0,0,60,0,446,0,19,0,649,0,307,0,361,0,83,0,585,0,174,0,155,0,171,0,168,0
428,37504,4201,1006,139,494,34,510,105,2,0,7,2,38,15,15,3,287,41,6,1,0,0,28,5,625,72,86,10,920,129,334,55,672,84,132,21,874,118,228,52,261,45,255,26,262,16
429,37505,2554,516,24,247,5,268,19,1,0,5,0,38,2,4,0,113,3,3,1,0,0,29,0,324,18,57,0,459,24,192,8,324,16,56,2,460,22,153,9,143,9,118,3,102,3
430,37506,2459,493,0,232,0,261,0,0,0,13,0,4,0,1,0,192,0,2,0,0,0,16,0,265,0,66,0,427,0,242,0,251,0,78,0,415,0,142,0,130,0,126,0,95,0
431,37507,2343,557,28,259,6,298,22,0,0,30,1,5,0,12,1,78,9,0,0,0,0,34,1,398,16,58,6,499,22,279,15,278,13,91,7,466,21,139,8,122,9,145,5,151,6
432,38126,2088,29,2,12,1,17,1,0,0,1,0,0,0,0,0,5,1,0,0,0,0,0,0,23,1,0,0,29,2,13,0,16,2,3,1,26,1,12,0,7,0,4,0,6,2
433,38265,3418,73,0,42,0,31,0,0,0,4,0,0,0,1,0,17,0,0,0,0,0,2,0,49,0,0,0,73,0,52,0,21,0,14,0,59,0,13,0,21,0,20,0,19,0
434,38267,2499,909,30,430,7,474,23,5,0,3,0,71,3,32,0,127,4,5,0,0,0,57,4,614,19,26,0,883,30,280,3,629,27,104,1,805,29,260,0,221,0,231,16,197,14
435,38300,3366,192,9,94,4,98,5,0,0,6,2,4,0,1,0,5,0,0,0,0,0,9,0,167,7,0,0,192,9,64,4,128,5,30,1,162,8,43,0,44,2,60,6,45,1
436,38301,2634,57,0,27,0,29,0,1,0,1,0,1,0,0,0,7,0,0,0,0,0,3,0,45,0,0,0,57,0,22,0,35,0,6,0,51,0,11,0,13,0,19,0,14,0
437,38306,2588,39,0,25,0,13,0,1,0,0,0,0,0,0,0,2,0,0,0,0,0,0,0,37,0,0,0,39,0,10,0,29,0,4,0,35,0,7,0,15,0,6,0,11,0
438,38320,3204,49,0,28,0,21,0,0,0,0,0,1,0,0,0,3,0,0,0,0,0,1,0,44,0,0,0,49,0,31,0,18,0,8,0,41,0,13,0,10,0,13,0,13,0
439,38322,3068,66,3,34,0,32,3,0,0,2,0,0,0,1,0,6,1,0,0,0,0,2,0,55,2,0,0,66,3,39,3,27,0,5,0,61,3,15,0,15,0,19,2,17,1
440,38324,2432,49,0,24,0,25,0,0,0,0,0,0,0,0,0,6,0,0,0,0,0,1,0,42,0,0,0,49,0,19,0,30,0,4,0,45,0,11,0,13,0,11,0,14,0
441,39003,2591,405,0,201,0,198,0,6,0,3,0,2,0,1,0,103,0,0,0,0,0,11,0,285,0,29,0,376,0,227,0,178,0,42,0,363,0,98,0,103,0,111,0,93,0
442,39007,2116,2645,258,1301,75,1342,183,2,0,23,0,12,2,15,2,2285,234,1,0,0,0,46,1,263,19,618,72,2027,186,2170,215,475,43,291,28,2354,230,730,131,678,64,609,31,628,32
443,39007,3206,2293,237,1110,84,1179,153,4,0,31,0,12,2,16,0,1676,180,2,1,0,0,58,6,498,48,595,47,1698,190,1797,183,496,54,328,17,1965,220,628,100,566,69,521,39,578,29
444,39007,4092,99,0,11,0,88,0,0,0,4,0,2,0,5,0,63,0,0,0,0,0,2,0,23,0,3,0,96,0,85,0,14,0,8,0,91,0,19,0,32,0,28,0,20,0
445,39007,4093,333,0,162,0,171,0,0,0,11,0,0,0,4,0,240,0,1,0,0,0,14,0,63,0,107,0,226,0,305,0,28,0,49,0,284,0,25,0,50,0,82,0,176,0
446,39090,2344,1049,26,481,3,567,23,1,0,11,0,5,0,6,0,524,8,0,0,0,0,25,0,478,18,85,0,964,26,667,16,382,10,107,0,942,26,293,2,260,3,258,8,238,13
447,39119,2388,1144,259,574,98,565,161,5,0,4,0,7,4,6,1,407,92,1,1,0,0,39,9,680,152,83,17,1061,242,632,130,512,129,149,37,995,222,299,89,276,71,282,52,287,47
448,39119,4272,107,0,61,0,45,0,1,0,2,0,0,0,0,0,36,0,0,0,0,0,1,0,68,0,4,0,103,0,66,0,41,0,16,0,91,0,22,0,24,0,26,0,35,0
449,39200,1776,46,0,28,0,18,0,0,0,0,0,0,0,1,0,44,0,0,0,0,0,0,0,1,0,21,0,25,0,42,0,4,0,10,0,36,0,3,0,7,0,21,0,15,0
450,39200,2555,1133,271,547,111,586,160,0,0,0,0,2,2,1,1,1061,257,1,0,0,0,3,0,65,11,285,50,848,221,961,228,172,43,163,27,970,244,314,94,312,62,259,62,248,53
451,39201,2959,2283,131,1139,33,1144,98,0,0,1,0,1,0,3,0,2101,125,1,0,0,0,29,2,147,4,578,39,1705,92,1699,107,584,24,298,28,1985,103,616,34,565,6,546,27,556,64
452,39202,1508,269,0,120,0,149,0,0,0,27,0,0,0,0,0,230,0,0,0,0,0,4,0,8,0,142,0,127,0,250,0,19,0,15,0,254,0,38,0,47,0,136,0,48,0
453,39202,2900,954,52,476,12,478,40,0,0,71,5,1,0,4,0,848,43,0,0,0,0,8,0,22,4,303,20,651,32,847,46,107,6,121,7,833,45,268,0,244,18,238,16,204,18
454,39203,4559,395,25,189,10,206,15,0,0,5,0,0,0,4,0,304,22,0,0,0,0,3,0,79,3,77,5,318,20,330,19,65,6,42,2,353,23,92,0,96,6,105,12,102,7
455,39204,3314,483,43,219,11,264,32,0,0,13,1,0,0,1,0,451,41,0,0,0,0,3,0,15,1,149,10,334,33,424,38,59,5,61,2,422,41,113,5,116,14,125,15,129,9
456,39205,2240,456,5,199,2,257,3,0,0,19,0,2,0,2,0,253,1,0,0,0,0,8,0,172,4,43,0,413,5,285,3,171,2,43,1,413,4,117,0,122,2,105,2,112,1
457,39207,3141,925,77,461,38,464,39,0,0,143,17,28,4,1,0,715,52,0,0,0,0,24,3,14,1,362,21,563,56,831,66,94,11,97,2,828,75,242,20,282,26,208,20,193,11
458,39207,4022,109,24,48,7,61,17,0,0,40,8,0,0,0,0,62,12,0,0,0,0,4,3,3,1,63,10,46,14,106,24,3,0,11,3,98,21,4,2,24,5,35,5,46,12
459,39208,3074,1625,507,799,202,820,302,6,3,15,5,58,19,5,3,532,188,3,2,0,0,54,16,958,274,85,29,1540,478,767,289,858,218,202,65,1423,442,414,180,426,145,393,88,392,94
460,39209,2532,292,21,146,13,146,8,0,0,160,13,0,0,0,0,100,7,0,0,19,0,8,1,5,0,123,9,169,12,292,21,0,0,38,0,254,21,80,5,68,9,60,4,84,3
461,31025,1910,31,0,12,0,19,0,0,0,3,0,0,0,1,0,11,0,3,0,0,0,3,0,10,0,5,0,26,0,13,0,18,0,30,0,1,0,4,0,3,0,7,0,17,0
462,32416,1919,33,0,17,0,16,0,0,0,0,0,0,0,0,0,2,0,0,0,0,0,0,0,31,0,0,0,33,0,13,0,20,0,0,0,33,0,4,0,12,0,10,0,7,0
463,31201,1904,29,0,16,0,12,0,1,0,0,0,0,0,1,0,3,0,0,0,0,0,4,0,21,0,1,0,28,0,3,0,26,0,2,0,27,0,6,0,7,0,8,0,8,0
464,8458,1934,13,0,8,0,5,0,0,0,1,0,0,0,0,0,2,0,0,0,0,0,1,0,9,0,1,0,12,0,9,0,4,0,2,0,11,0,1,0,5,0,3,0,4,0
465,18303,1935,126,0,57,0,68,0,1,0,0,0,3,0,2,0,14,0,1,0,0,0,8,0,98,0,3,0,123,0,32,0,94,0,38,0,88,0,14,0,35,0,36,0,41,0
466,29100,1928,46,1,22,0,24,1,0,0,0,0,0,0,0,0,22,0,1,0,8,0,4,0,11,1,13,0,33,1,33,0,13,1,1,0,45,1,2,0,4,0,13,0,27,1
467,31025,1927,421,142,205,59,213,82,3,1,32,12,9,3,12,4,97,32,5,1,0,0,42,17,224,73,36,14,385,128,236,77,185,65,103,32,318,110,108,30,103,43,132,48,78,21
468,17001,3496,55,0,11,0,44,0,0,0,1,0,3,0,23,0,8,0,0,0,0,0,6,0,14,0,0,0,55,0,11,0,44,0,17,0,38,0,11,0,15,0,16,0,13,0
469,32801,3526,76,0,17,0,58,0,1,0,7,0,0,0,9,0,7,0,6,0,0,0,5,0,42,0,0,0,76,0,44,0,32,0,0,0,76,0,18,0,18,0,23,0,17,0
470,32801,3507,50,0,15,0,35,0,0,0,2,0,0,0,0,0,7,0,4,0,0,0,2,0,35,0,0,0,50,0,34,0,16,0,0,0,50,0,14,0,17,0,12,0,7,0
471,9075,1900,37,0,20,0,17,0,0,0,0,0,0,0,0,0,26,0,0,0,6,0,0,0,5,0,18,0,19,0,37,0,0,0,2,0,35,0,1,0,4,0,13,0,19,0
472,31002,1907,25,0,8,0,17,0,0,0,0,0,0,0,1,0,0,0,0,0,0,0,1,0,23,0,1,0,24,0,5,0,20,0,0,0,25,0,3,0,3,0,6,0,13,0
473,27417,4582,316,105,144,34,172,71,0,0,4,1,33,9,27,7,73,28,22,6,0,0,27,10,130,44,27,12,289,93,175,63,141,42,49,26,267,79,316,105,0,0,0,0,0,0
474,17402,1938,67,2,30,0,37,2,0,0,0,0,0,0,1,0,2,0,0,0,0,0,10,1,54,1,1,0,66,2,34,2,33,0,14,1,53,1,6,0,19,0,23,1,19,1
475,4129,1940,30,0,16,0,14,0,0,0,0,0,1,0,0,0,10,0,0,0,1,0,1,0,17,0,2,0,28,0,20,0,10,0,1,0,29,0,3,0,3,0,10,0,14,0
476,3017,1941,85,1,45,0,40,1,0,0,0,0,2,0,0,0,14,0,0,0,0,0,7,0,62,1,1,0,84,1,34,1,51,0,10,1,75,0,27,1,24,0,20,0,14,0
477,17210,1950,56,0,21,0,35,0,0,0,2,0,5,0,8,0,9,0,2,0,0,0,7,0,23,0,8,0,48,0,34,0,22,0,56,0,0,0,0,0,0,0,0,0,56,0
478,17210,1951,17,0,6,0,11,0,0,0,1,0,0,0,5,0,2,0,0,0,0,0,4,0,5,0,0,0,17,0,11,0,6,0,14,0,3,0,2,0,4,0,5,0,6,0
479,10309,1898,34,0,19,0,15,0,0,0,0,0,2,0,0,0,4,0,0,0,0,0,2,0,26,0,0,0,34,0,11,0,23,0,2,0,32,0,8,0,7,0,13,0,6,0
480,38302,1962,29,0,15,0,14,0,0,0,0,0,0,0,0,0,0,0,0,0,0,0,0,0,29,0,0,0,29,0,17,0,12,0,4,0,25,0,8,0,8,0,6,0,7,0
481,28149,1963,41,0,31,0,10,0,0,0,1,0,0,0,0,0,5,0,0,0,0,0,2,0,33,0,0,0,41,0,16,0,25,0,9,0,32,0,8,0,10,0,12,0,11,0
482,31015,1966,224,7,115,1,108,6,1,0,2,0,19,1,8,0,28,2,0,0,0,0,12,0,155,4,5,0,219,7,79,3,145,4,27,2,197,5,55,1,47,2,56,2,66,2
483,39007,4020,14,1,6,0,8,1,0,0,0,0,0,0,0,0,6,1,0,0,0,0,0,0,8,0,0,0,14,1,5,0,9,1,0,0,14,1,0,0,0,0,4,1,10,0
484,17405,3522,319,110,165,55,153,55,1,0,1,0,163,63,4,3,21,5,0,0,0,0,29,9,101,30,5,0,314,110,38,11,281,99,15,1,304,109,90,0,84,0,77,54,68,56
485,17401,3553,410,73,126,15,278,57,6,1,3,0,102,20,44,11,58,12,2,1,0,0,38,9,163,20,15,1,395,72,143,30,267,43,18,2,392,71,107,24,106,29,97,12,100,8
486,6037,3556,50,0,25,0,25,0,0,0,0,0,0,0,3,0,8,0,1,0,0,0,1,0,37,0,1,0,49,0,24,0,26,0,8,0,42,0,24,0,26,0,0,0,0,0
487,17401,1972,196,0,97,0,96,0,3,0,5,0,18,0,22,0,101,0,12,0,0,0,12,0,26,0,52,0,144,0,143,0,53,0,41,0,155,0,9,0,21,0,51,0,115,0
488,24105,1980,45,0,19,0,26,0,0,0,5,0,0,0,1,0,15,0,0,0,0,0,2,0,22,0,3,0,42,0,36,0,9,0,1,0,44,0,1,0,7,0,13,0,24,0
489,37504,1983,156,0,90,0,66,0,0,0,3,0,0,0,1,0,18,0,0,0,0,0,4,0,130,0,0,0,156,0,14,0,142,0,17,0,139,0,43,0,48,0,22,0,43,0
490,17903,1986,165,0,74,0,90,0,1,0,145,0,0,0,0,0,11,0,0,0,0,0,9,0,0,0,0,0,165,0,137,0,28,0,6,0,159,0,45,0,42,0,39,0,39,0
491,19404,1987,34,0,19,0,13,0,2,0,0,0,0,0,0,0,1,0,0,0,0,0,3,0,30,0,0,0,34,0,24,0,10,0,2,0,32,0,5,0,7,0,6,0,16,0
492,29320,1992,84,3,38,1,46,2,0,0,2,0,0,0,0,0,4,0,0,0,0,0,3,0,75,3,0,0,84,3,23,1,61,2,11,0,73,3,21,2,21,0,24,0,18,1
493,32356,5003,29,0,11,0,18,0,0,0,1,0,2,0,1,0,1,0,0,0,0,0,2,0,22,0,2,0,27,0,15,0,14,0,17,0,12,0,0,0,0,0,0,0,29,0
494,31401,5004,14,0,9,0,5,0,0,0,0,0,0,0,0,0,1,0,0,0,0,0,1,0,12,0,0,0,14,0,4,0,10,0,2,0,12,0,7,0,7,0,0,0,0,0
495,34033,5014,62,0,28,0,34,0,0,0,4,0,0,0,2,0,12,0,1,0,0,0,5,0,38,0,0,0,62,0,44,0,18,0,10,0,52,0,0,0,3,0,20,0,39,0
496,37503,5021,15,0,7,0,8,0,0,0,0,0,0,0,0,0,0,0,0,0,0,0,1,0,14,0,0,0,15,0,4,0,11,0,0,0,15,0,7,0,7,0,1,0,0,0
497,27320,4585,1675,138,818,29,855,109,2,0,17,2,56,3,35,0,266,18,7,0,0,0,157,11,1137,104,63,6,1612,132,513,40,1162,98,217,14,1458,124,469,40,428,32,401,26,377,40
498,27400,5027,322,0,164,0,157,0,1,0,1,0,25,0,25,0,152,0,5,0,0,0,31,0,83,0,20,0,302,0,196,0,126,0,21,0,301,0,113,0,96,0,55,0,58,0
499,17401,5028,136,0,53,0,76,0,7,0,2,0,3,0,17,0,43,0,0,0,0,0,18,0,53,0,16,0,120,0,84,0,52,0,34,0,102,0,37,0,36,0,35,0,28,0
500,27403,5033,2098,111,985,15,1108,96,5,0,21,0,80,5,165,10,386,18,71,2,25,1,294,14,1056,61,92,2,2006,109,919,48,1179,63,254,11,1844,100,581,28,561,37,495,12,461,34
501,17408,5037,1733,97,889,25,844,72,0,0,6,0,259,18,197,12,411,18,50,2,0,0,140,3,670,44,317,17,1416,80,979,45,754,52,159,5,1574,92,437,9,446,13,445,31,405,44
502,32326,5042,36,0,12,0,24,0,0,0,0,0,0,0,0,0,4,0,0,0,0,0,2,0,30,0,0,0,36,0,19,0,17,0,14,0,22,0,6,0,5,0,14,0,11,0
503,17001,5046,56,0,21,0,33,0,2,0,1,0,2,0,9,0,4,0,0,0,0,0,6,0,34,0,3,0,53,0,11,0,45,0,53,0,3,0,14,0,13,0,10,0,19,0
504,17403,5070,15,0,3,0,12,0,0,0,0,0,0,0,3,0,5,0,0,0,0,0,0,0,7,0,0,0,15,0,13,0,2,0,15,0,0,0,5,0,4,0,3,0,3,0
505,5402,5071,2720,243,1522,61,1198,182,0,0,30,0,60,6,154,14,509,36,27,0,0,0,318,29,1622,158,154,12,2566,231,1655,147,1065,96,496,66,2224,177,499,55,595,66,891,69,735,53
506,34111,5078,173,0,92,0,78,0,3,0,1,0,7,0,8,0,21,0,0,0,0,0,13,0,123,0,2,0,171,0,74,0,99,0,18,0,155,0,48,0,34,0,50,0,41,0
507,20405,5077,29,0,18,0,11,0,0,0,2,0,0,0,0,0,10,0,0,0,0,0,0,0,17,0,3,0,26,0,20,0,9,0,3,0,26,0,1,0,5,0,6,0,17,0
508,18400,5085,672,3,322,0,347,3,3,0,56,1,17,0,7,0,111,0,9,1,0,0,67,0,405,1,19,0,653,3,264,2,408,1,78,1,594,2,174,0,172,0,157,2,169,1
509,19401,5097,118,0,66,0,50,0,2,0,1,0,2,0,0,0,24,0,0,0,0,0,7,0,84,0,5,0,113,0,73,0,45,0,8,0,110,0,13,0,23,0,38,0,44,0
510,31004,5099,820,260,409,95,411,165,0,0,6,1,46,16,14,8,132,43,3,1,0,0,102,33,517,158,37,10,783,250,262,71,558,189,137,44,683,216,820,260,0,0,0,0,0,0
511,6117,5104,178,0,93,0,82,0,3,0,0,0,1,0,2,0,23,0,0,0,0,0,10,0,142,0,2,0,176,0,62,0,116,0,38,0,140,0,26,0,52,0,40,0,60,0
512,17937,5953,327,0,130,0,195,0,2,0,4,0,14,0,7,0,72,0,1,0,5,0,20,0,204,0,0,0,327,0,0,0,327,0,0,0,327,0,0,0,0,0,207,0,120,0
513,3017,5106,69,0,39,0,27,0,3,0,1,0,2,0,0,0,17,0,0,0,0,0,2,0,47,0,3,0,66,0,31,0,38,0,15,0,54,0,10,0,12,0,18,0,29,0
514,6114,5111,2160,137,965,22,1182,114,13,1,7,2,240,31,70,3,398,16,43,4,0,0,205,10,1197,71,153,6,2007,131,775,43,1385,94,216,16,1944,121,554,55,524,33,531,26,551,23
515,31311,5114,35,0,15,0,20,0,0,0,0,0,0,0,0,0,3,0,0,0,0,0,2,0,30,0,1,0,34,0,12,0,23,0,8,0,27,0,3,0,5,0,13,0,14,0
516,26056,5118,75,0,35,0,40,0,0,0,5,0,0,0,0,0,8,0,0,0,0,0,3,0,59,0,0,0,75,0,64,0,11,0,18,0,57,0,4,0,9,0,21,0,41,0
517,31201,5128,1735,134,850,35,870,99,15,0,5,0,163,27,29,2,209,17,3,0,0,0,151,21,1175,67,43,5,1692,129,287,20,1448,114,164,10,1571,124,429,32,433,15,405,24,468,63
518,27003,5142,326,37,150,5,176,32,0,0,6,0,20,7,28,3,64,8,8,0,0,0,44,3,156,16,14,3,312,34,111,15,215,22,44,4,282,33,324,37,2,0,0,0,0,0
519,6037,5149,956,0,494,0,462,0,0,0,8,0,18,0,54,0,303,0,54,0,0,0,75,0,444,0,126,0,830,0,464,0,492,0,146,0,810,0,149,0,185,0,274,0,348,0
520,24105,5151,121,0,58,0,63,0,0,0,20,0,0,0,0,0,27,0,1,0,0,0,14,0,59,0,1,0,120,0,108,0,13,0,7,0,114,0,22,0,31,0,29,0,39,0
521,39007,5153,421,0,262,0,157,0,2,0,12,0,1,0,4,0,275,0,0,0,0,0,15,0,114,0,67,0,354,0,332,0,89,0,56,0,365,0,94,0,109,0,103,0,115,0
522,31103,5154,292,0,113,0,166,0,13,0,3,0,11,0,27,0,58,0,0,0,0,0,26,0,167,0,0,0,292,0,65,0,227,0,1,0,291,0,0,0,0,0,29,0,263,0
523,17414,5958,381,111,167,34,212,76,2,1,1,0,92,38,12,1,60,6,3,0,0,0,25,6,188,60,1,0,380,111,40,7,341,104,0,0,381,111,0,0,12,5,106,28,263,78
524,17210,5163,127,0,66,0,61,0,0,0,4,0,1,0,29,0,44,0,8,0,0,0,19,0,22,0,21,0,106,0,96,0,31,0,22,0,105,0,0,0,24,0,40,0,63,0
525,11001,5164,3382,140,1670,37,1709,103,3,0,38,1,54,2,37,0,2248,91,10,0,0,0,108,3,887,43,713,23,2669,117,2196,94,1186,46,450,13,2932,127,903,46,863,56,828,20,788,18
526,3400,5165,91,20,50,12,41,8,0,0,0,0,2,0,1,1,7,0,0,0,0,0,1,0,80,19,4,1,87,19,22,4,69,16,9,1,82,19,28,9,33,9,22,2,8,0
527,29320,5960,372,29,125,6,245,23,2,0,14,1,7,1,10,0,77,5,1,0,0,0,1,0,262,22,0,0,372,29,113,6,259,23,1,0,371,29,1,1,15,1,162,12,194,15
528,27010,5169,613,151,323,54,290,97,0,0,5,0,45,7,43,11,84,21,3,0,0,0,76,16,357,96,13,3,600,148,221,51,392,100,52,12,561,139,167,24,155,62,151,38,140,27
529,31332,5171,205,0,105,0,100,0,0,0,3,0,1,0,0,0,32,0,0,0,0,0,10,0,159,0,6,0,199,0,122,0,83,0,47,0,158,0,19,0,49,0,90,0,47,0
530,27403,5961,26,5,9,0,17,5,0,0,0,0,1,1,1,0,3,1,0,0,0,0,4,1,17,2,0,0,26,5,1,1,25,4,0,0,26,5,0,0,0,0,9,1,17,4
531,17401,5172,67,0,36,0,31,0,0,0,1,0,2,0,9,0,39,0,0,0,0,0,4,0,12,0,26,0,41,0,44,0,23,0,11,0,56,0,0,0,19,0,9,0,39,0
532,29103,5176,97,6,50,0,47,6,0,0,0,0,0,0,0,0,13,0,0,0,0,0,7,0,77,6,2,0,95,6,61,3,36,3,10,1,87,5,10,1,18,1,47,3,22,1
533,33212,5180,382,0,211,0,171,0,0,0,4,0,13,0,14,0,66,0,3,0,0,0,27,0,255,0,8,0,374,0,155,0,227,0,28,0,354,0,135,0,92,0,90,0,65,0
534,21237,5190,56,0,22,0,34,0,0,0,1,0,0,0,0,0,0,0,0,0,0,0,7,0,48,0,0,0,56,0,36,0,20,0,9,0,47,0,1,0,14,0,15,0,26,0
535,14028,5191,125,0,66,0,56,0,3,0,4,0,1,0,4,0,26,0,0,0,0,0,2,0,88,0,2,0,123,0,88,0,37,0,15,0,110,0,17,0,20,0,41,0,47,0
536,27010,5192,20,0,4,0,16,0,0,0,0,0,0,0,7,0,2,0,0,0,0,0,4,0,7,0,1,0,19,0,2,0,18,0,19,0,1,0,4,0,7,0,4,0,5,0
537,8458,5194,231,3,128,2,99,1,4,0,1,0,1,0,4,0,37,1,0,0,0,0,22,0,166,2,7,0,224,3,144,3,87,0,30,0,201,3,49,1,69,1,69,1,44,0
538,24019,5197,1641,198,851,83,785,115,5,0,12,1,66,6,94,10,206,30,9,1,0,0,138,17,1116,133,44,5,1597,193,865,109,776,89,236,26,1405,172,481,92,479,41,367,32,314,33
539,14005,5208,13,0,8,0,5,0,0,0,1,0,0,0,0,0,1,0,0,0,0,0,2,0,9,0,0,0,13,0,5,0,8,0,0,0,13,0,0,0,0,0,10,0,3,0
540,31025,5213,1254,11,579,5,673,6,2,0,73,0,63,0,43,0,391,3,25,1,0,0,130,1,529,6,199,3,1055,8,718,6,536,5,244,2,1010,9,330,4,318,2,327,2,279,3
541,33070,5223,82,0,36,0,46,0,0,0,0,0,0,0,1,0,6,0,1,0,0,0,11,0,63,0,2,0,80,0,57,0,25,0,14,0,68,0,23,0,23,0,21,0,15,0
542,39007,5224,72,0,42,0,30,0,0,0,1,0,1,0,0,0,37,0,0,0,0,0,1,0,32,0,4,0,68,0,34,0,38,0,17,0,55,0,7,0,14,0,19,0,32,0
543,26070,5226,70,0,28,0,42,0,0,0,0,0,4,0,0,0,4,0,0,0,0,0,4,0,58,0,0,0,70,0,32,0,38,0,12,0,58,0,22,0,16,0,16,0,16,0
544,17405,5240,153,0,59,0,89,0,5,0,0,0,34,0,8,0,10,0,1,0,0,0,21,0,79,0,9,0,144,0,26,0,127,0,43,0,110,0,55,0,57,0,18,0,23,0
545,17407,5244,18,0,5,0,11,0,2,0,0,0,1,0,1,0,3,0,0,0,0,0,0,0,13,0,2,0,16,0,3,0,15,0,8,0,10,0,10,0,8,0,0,0,0,0
546,32081,5250,506,0,271,0,233,0,2,0,14,0,3,0,15,0,51,0,4,0,0,0,85,0,334,0,21,0,485,0,329,0,177,0,71,0,435,0,0,0,42,0,203,0,261,0
547,39202,5262,773,12,394,0,365,12,14,0,11,0,35,3,43,0,76,0,5,0,0,0,23,0,580,9,59,1,714,11,390,2,383,10,40,1,733,11,138,2,159,3,227,4,249,3
548,39007,5264,10,0,10,0,0,0,0,0,2,0,0,0,0,0,3,0,0,0,0,0,0,0,5,0,1,0,9,0,9,0,1,0,3,0,7,0,0,0,3,0,3,0,4,0
549,17414,5265,617,412,274,166,343,246,0,0,1,1,419,302,1,1,18,10,0,0,0,0,27,14,151,84,3,2,614,410,13,9,604,403,22,9,595,403,160,155,160,74,151,100,146,83
550,6037,5271,300,54,87,8,213,46,0,0,0,0,11,1,3,1,58,12,1,0,0,0,30,6,197,34,7,1,293,53,98,20,202,34,16,5,284,49,98,21,83,11,68,10,51,12
551,24111,5272,32,0,18,0,14,0,0,0,1,0,0,0,0,0,27,0,0,0,0,0,1,0,3,0,15,0,17,0,28,0,4,0,6,0,26,0,0,0,0,0,10,0,22,0
552,13161,5273,172,7,84,1,87,6,1,0,0,0,0,0,2,0,127,5,0,0,0,0,2,0,41,2,0,0,172,7,104,3,68,4,0,0,172,7,0,0,1,0,78,4,93,3
553,17415,5275,523,0,247,0,275,0,1,0,4,0,46,0,83,0,178,0,16,0,0,0,51,0,145,0,94,0,429,0,364,0,159,0,71,0,452,0,2,0,4,0,190,0,327,0
554,32356,5278,26,0,8,0,18,0,0,0,1,0,0,0,1,0,1,0,0,0,0,0,0,0,23,0,0,0,26,0,4,0,22,0,0,0,26,0,0,0,0,0,8,0,18,0
555,17405,5281,65,0,21,0,43,0,1,0,1,0,18,0,4,0,11,0,0,0,0,0,5,0,26,0,6,0,59,0,19,0,46,0,65,0,0,0,0,0,1,0,0,0,64,0
556,17403,5282,659,43,341,17,318,26,0,0,6,2,85,3,138,10,213,13,16,2,0,0,67,3,134,10,95,11,564,32,465,38,194,5,155,7,504,36,115,2,130,5,161,15,253,21
557,39120,5289,271,54,134,17,136,37,1,0,1,0,0,0,0,0,261,53,0,0,0,0,0,0,9,1,105,19,166,35,248,51,23,3,35,4,236,50,69,18,74,6,62,17,66,13
558,6801,5290,52,0,8,0,44,0,0,0,0,0,0,0,5,0,7,0,2,0,0,0,3,0,35,0,0,0,52,0,0,0,52,0,0,0,52,0,7,0,19,0,15,0,11,0
559,17410,5296,75,16,42,4,32,12,1,0,0,0,4,1,0,0,7,1,2,0,0,0,7,1,55,13,2,0,73,16,21,2,54,14,16,2,59,14,15,3,34,9,14,1,12,3
560,27400,5297,14,0,0,0,14,0,0,0,0,0,0,0,3,0,0,0,0,0,0,0,4,0,7,0,0,0,14,0,7,0,7,0,14,0,0,0,2,0,6,0,2,0,4,0
561,27400,5298,10,0,0,0,10,0,0,0,0,0,0,0,2,0,2,0,0,0,0,0,2,0,4,0,0,0,10,0,3,0,7,0,1,0,9,0,0,0,0,0,1,0,9,0
562,32081,5301,181,0,97,0,81,0,3,0,4,0,0,0,2,0,15,0,0,0,0,0,19,0,141,0,0,0,181,0,80,0,101,0,27,0,154,0,49,0,57,0,35,0,40,0
563,34979,5302,234,0,79,0,155,0,0,0,0,0,3,0,20,0,119,0,11,0,0,0,24,0,57,0,0,0,234,0,234,0,0,0,51,0,183,0,62,0,123,0,36,0,13,0
564,34801,5305,700,0,287,0,385,0,28,0,16,0,7,0,18,0,105,0,6,0,0,0,68,0,480,0,0,0,700,0,0,0,700,0,0,0,700,0,1,0,17,0,202,0,480,0
565,17937,5306,549,0,122,0,130,0,297,0,4,0,65,0,39,0,120,0,8,0,1,0,16,0,296,0,0,0,549,0,0,0,549,0,0,0,549,0,2,0,0,0,371,0,176,0
566,27010,5307,565,0,302,0,263,0,0,0,7,0,24,0,109,0,114,0,22,0,0,0,71,0,218,0,27,0,538,0,224,0,341,0,69,0,496,0,0,0,5,0,98,0,462,0
567,6114,5310,565,0,354,0,197,0,14,0,1,0,33,0,16,0,152,0,5,0,0,0,54,0,304,0,36,0,529,0,274,0,291,0,33,0,532,0,154,0,160,0,143,0,108,0
568,8122,5312,140,0,86,0,54,0,0,0,2,0,1,0,2,0,36,0,4,0,0,0,9,0,86,0,1,0,139,0,94,0,46,0,17,0,123,0,0,0,33,0,49,0,58,0
569,4246,5316,115,0,54,0,61,0,0,0,2,0,0,0,2,0,42,0,0,0,0,0,4,0,65,0,13,0,102,0,83,0,32,0,26,0,89,0,0,0,4,0,34,0,77,0
570,18902,5319,51,0,22,0,29,0,0,0,23,0,0,0,0,0,4,0,1,0,1,0,17,0,5,0,0,0,51,0,32,0,19,0,12,0,39,0,13,0,9,0,14,0,15,0
571,27003,5321,157,0,73,0,84,0,0,0,3,0,4,0,11,0,36,0,2,0,0,0,16,0,85,0,12,0,145,0,91,0,66,0,14,0,143,0,0,0,7,0,32,0,118,0
572,13161,5323,283,0,129,0,154,0,0,0,3,0,0,0,7,0,161,0,0,0,0,0,9,0,103,0,32,0,251,0,238,0,45,0,47,0,236,0,0,0,0,0,41,0,242,0
573,17405,5325,64,0,41,0,22,0,1,0,0,0,12,0,3,0,25,0,0,0,0,0,2,0,22,0,4,0,60,0,19,0,45,0,5,0,59,0,0,0,0,0,9,0,55,0
574,6101,5326,53,0,34,0,19,0,0,0,1,0,0,0,1,0,7,0,0,0,0,0,0,0,44,0,2,0,51,0,16,0,37,0,5,0,48,0,12,0,8,0,18,0,15,0
575,32356,5328,217,0,92,0,124,0,1,0,6,0,3,0,6,0,12,0,1,0,0,0,14,0,175,0,3,0,214,0,46,0,171,0,4,0,213,0,4,0,23,0,51,0,139,0
576,31311,5329,26,1,8,0,18,1,0,0,0,0,0,0,1,0,6,0,0,0,0,0,0,0,19,1,1,0,25,1,12,1,14,0,3,0,23,1,2,0,1,0,5,1,18,0
577,31002,5330,253,0,121,0,128,0,4,0,1,0,11,0,14,0,73,0,5,0,0,0,24,0,125,0,31,0,222,0,195,0,58,0,31,0,222,0,0,0,3,0,62,0,188,0
578,27404,5332,56,0,23,0,31,0,2,0,2,0,0,0,0,0,12,0,0,0,0,0,4,0,38,0,0,0,56,0,37,0,19,0,1,0,55,0,0,0,7,0,20,0,29,0
579,17403,5335,57,0,26,0,30,0,1,0,0,0,5,0,12,0,23,0,4,0,0,0,2,0,11,0,2,0,55,0,38,0,19,0,2,0,55,0,0,0,1,0,26,0,30,0
580,13301,5336,54,0,26,0,27,0,1,0,25,0,0,0,0,0,4,0,0,0,0,0,6,0,19,0,11,0,43,0,44,0,10,0,6,0,48,0,3,0,10,0,11,0,30,0
581,36140,5337,28,0,7,0,21,0,0,0,1,0,0,0,0,0,12,0,0,0,0,0,1,0,14,0,0,0,28,0,2,0,26,0,0,0,28,0,0,0,0,0,4,0,24,0
582,27416,5338,64,0,30,0,34,0,0,0,1,0,1,0,2,0,8,0,0,0,0,0,5,0,47,0,0,0,64,0,31,0,33,0,1,0,63,0,0,0,0,0,23,0,41,0
583,32907,5339,376,0,163,0,213,0,0,0,9,0,5,0,16,0,49,0,2,0,0,0,37,0,258,0,0,0,376,0,231,0,145,0,67,0,309,0,122,0,82,0,88,0,84,0
584,37501,5340,145,0,53,0,90,0,2,0,1,0,3,0,5,0,32,0,2,0,0,0,10,0,92,0,1,0,144,0,82,0,63,0,13,0,132,0,0,0,2,0,37,0,106,0
585,6037,5342,493,0,251,0,242,0,0,0,5,0,5,0,26,0,176,0,19,0,0,0,42,0,220,0,84,0,409,0,329,0,164,0,86,0,407,0,0,0,2,0,136,0,355,0
586,15201,5343,25,0,15,0,10,0,0,0,0,0,4,0,2,0,5,0,0,0,0,0,2,0,12,0,2,0,23,0,16,0,9,0,5,0,20,0,0,0,0,0,3,0,22,0
587,32081,5344,109,0,54,0,54,0,1,0,3,0,2,0,4,0,17,0,0,0,1,0,15,0,67,0,5,0,104,0,59,0,50,0,12,0,97,0,0,0,2,0,43,0,64,0
588,17210,5348,255,0,129,0,125,0,1,0,2,0,6,0,53,0,120,0,11,0,0,0,25,0,38,0,54,0,201,0,207,0,48,0,49,0,206,0,0,0,3,0,35,0,217,0
589,31332,5349,55,0,26,0,29,0,0,0,2,0,0,0,0,0,6,0,0,0,0,0,2,0,45,0,0,0,55,0,42,0,13,0,6,0,49,0,0,0,0,0,7,0,48,0
590,39007,5355,341,0,143,0,198,0,0,0,6,0,0,0,4,0,259,0,0,0,0,0,10,0,62,0,93,0,248,0,296,0,45,0,35,0,306,0,0,0,3,0,49,0,289,0
591,31015,5358,305,0,163,0,138,0,4,0,4,0,19,0,25,0,102,0,5,0,0,0,29,0,121,0,26,0,279,0,157,0,148,0,10,0,295,0,0,0,0,0,46,0,259,0
592,21401,5359,76,0,35,0,39,0,2,0,1,0,0,0,1,0,29,0,0,0,1,0,0,0,44,0,3,0,73,0,65,0,11,0,2,0,74,0,0,0,4,0,25,0,47,0
593,6119,5360,35,0,10,0,24,0,1,0,0,0,1,0,1,0,3,0,0,0,0,0,3,0,27,0,2,0,33,0,20,0,15,0,3,0,32,0,0,0,0,0,6,0,29,0
594,36250,5362,512,151,255,49,256,101,1,1,3,1,9,2,5,2,227,70,0,0,0,0,18,2,250,74,75,19,437,132,288,90,224,61,72,15,440,136,124,30,127,59,134,39,127,23
595,1147,5367,142,0,63,0,79,0,0,0,0,0,0,0,0,0,130,0,0,0,0,0,0,0,12,0,57,0,85,0,131,0,11,0,7,0,135,0,4,0,42,0,52,0,44,0
596,21302,5369,72,1,35,1,37,0,0,0,0,0,0,0,1,0,20,0,0,0,0,0,5,0,46,1,1,0,71,1,55,1,17,0,21,1,51,0,5,0,7,0,33,0,27,1
597,17401,5370,372,0,169,0,200,0,3,0,9,0,40,0,66,0,178,0,10,0,0,0,18,0,51,0,134,0,238,0,150,0,222,0,54,0,318,0,5,0,11,0,65,0,291,0
598,27403,5372,471,0,209,0,261,0,1,0,11,0,13,0,48,0,78,0,31,0,22,0,67,0,201,0,24,0,447,0,260,0,211,0,90,0,381,0,0,0,1,0,115,0,355,0
599,37903,5373,146,0,68,0,78,0,0,0,127,0,0,0,0,0,6,0,0,0,0,0,10,0,3,0,0,0,146,0,133,0,13,0,53,0,93,0,29,0,38,0,36,0,43,0
600,17410,5374,51,0,21,0,29,0,1,0,1,0,2,0,2,0,6,0,0,0,0,0,4,0,36,0,1,0,50,0,22,0,29,0,4,0,47,0,0,0,1,0,15,0,35,0
601,17902,5375,343,0,163,0,171,0,9,0,1,0,10,0,116,0,49,0,2,0,0,0,49,0,116,0,56,0,287,0,113,0,230,0,72,0,271,0,76,0,87,0,85,0,95,0
602,27905,5376,187,0,98,0,85,0,4,0,4,0,3,0,44,0,46,0,9,0,0,0,24,0,57,0,14,0,173,0,120,0,67,0,29,0,158,0,45,0,62,0,48,0,32,0
603,32901,5381,17,0,9,0,8,0,0,0,1,0,0,0,1,0,2,0,0,0,0,0,3,0,10,0,0,0,17,0,9,0,8,0,3,0,14,0,17,0,0,0,0,0,0,0
604,18100,5395,82,0,42,0,40,0,0,0,1,0,2,0,3,0,8,0,0,0,0,0,15,0,53,0,2,0,80,0,55,0,27,0,13,0,69,0,0,0,0,0,17,0,65,0
605,32360,5396,26,0,10,0,16,0,0,0,2,0,1,0,1,0,7,0,1,0,0,0,1,0,13,0,0,0,26,0,14,0,12,0,3,0,23,0,0,0,0,0,13,0,13,0
606,6801,5398,207,0,76,0,113,0,18,0,1,0,0,0,9,0,36,0,5,0,0,0,6,0,150,0,13,0,194,0,0,0,207,0,0,0,207,0,0,0,1,0,36,0,170,0
607,39200,5399,18,0,7,0,11,0,0,0,0,0,0,0,0,0,17,0,0,0,0,0,1,0,0,0,6,0,12,0,16,0,2,0,0,0,18,0,0,0,0,0,0,0,18,0
608,8122,5400,106,0,47,0,59,0,0,0,2,0,1,0,2,0,31,0,1,0,0,0,12,0,57,0,3,0,103,0,85,0,21,0,5,0,101,0,2,0,3,0,29,0,72,0
609,32354,5401,30,0,10,0,20,0,0,0,2,0,0,0,1,0,0,0,0,0,0,0,3,0,24,0,0,0,30,0,8,0,22,0,4,0,26,0,0,0,4,0,8,0,18,0
610,31025,5402,190,0,81,0,108,0,1,0,17,0,9,0,2,0,55,0,2,0,0,0,14,0,91,0,9,0,181,0,136,0,54,0,20,0,170,0,0,0,0,0,52,0,138,0
611,11801,5403,331,0,134,0,197,0,0,0,0,0,3,0,14,0,167,0,0,0,0,0,1,0,146,0,0,0,331,0,0,0,331,0,0,0,331,0,0,0,7,0,49,0,275,0
612,17001,5405,224,0,104,0,106,0,14,0,3,0,19,0,43,0,43,0,2,0,0,0,34,0,80,0,17,0,207,0,120,0,104,0,54,0,170,0,0,0,4,0,32,0,188,0
613,17001,5406,149,0,42,0,107,0,0,0,0,0,40,0,19,0,20,0,0,0,0,0,13,0,57,0,39,0,110,0,86,0,63,0,149,0,0,0,0,0,0,0,0,0,149,0
614,27400,5411,351,1,161,0,184,1,6,0,7,0,9,0,45,0,140,1,26,0,0,0,40,0,84,0,26,0,325,1,285,1,66,0,41,0,310,1,0,0,2,0,153,0,196,1
615,15204,5412,75,0,34,0,41,0,0,0,1,0,1,0,1,0,5,0,0,0,0,0,4,0,63,0,0,0,75,0,48,0,27,0,14,0,61,0,0,0,0,0,12,0,63,0
616,2250,5413,10,0,6,0,4,0,0,0,1,0,0,0,0,0,1,0,0,0,0,0,0,0,8,0,0,0,10,0,7,0,3,0,0,0,10,0,0,0,0,0,1,0,9,0
617,21206,5415,19,0,9,0,10,0,0,0,0,0,0,0,0,0,2,0,0,0,0,0,1,0,16,0,0,0,19,0,16,0,3,0,3,0,16,0,0,0,1,0,6,0,12,0
618,14068,5416,48,0,19,0,29,0,0,0,5,0,0,0,0,0,8,0,0,0,0,0,1,0,34,0,2,0,46,0,40,0,8,0,7,0,41,0,0,0,1,0,15,0,32,0
619,5903,5430,50,5,22,1,28,4,0,0,27,3,0,0,3,0,11,1,0,0,0,0,3,0,6,1,0,0,50,5,49,5,1,0,14,1,36,4,14,0,11,2,14,0,11,3
620,32361,5432,94,1,53,0,41,1,0,0,2,0,0,0,1,0,7,0,2,0,0,0,5,0,77,1,1,0,93,1,52,0,42,1,5,0,89,1,13,0,14,0,24,0,43,1
621,32361,5433,93,2,46,0,47,2,0,0,1,0,1,0,2,0,10,1,0,0,0,0,1,0,78,1,1,0,92,2,51,2,42,0,7,0,86,2,26,0,21,0,19,0,27,2
622,32801,5434,320,0,131,0,188,0,1,0,12,0,4,0,25,0,40,0,5,0,0,0,23,0,211,0,0,0,320,0,21,0,299,0,0,0,320,0,0,0,0,0,91,0,229,0
623,6114,5435,208,4,101,3,104,1,3,0,2,0,3,0,7,0,51,0,6,1,0,0,16,1,123,2,12,0,196,4,132,3,76,1,24,0,184,4,1,0,2,0,48,1,157,3
624,17411,5437,185,0,91,0,94,0,0,0,0,0,14,0,5,0,20,0,0,0,0,0,18,0,128,0,5,0,180,0,30,0,155,0,40,0,145,0,67,0,42,0,36,0,40,0
625,17415,5440,78,0,22,0,56,0,0,0,3,0,14,0,13,0,14,0,2,0,0,0,4,0,28,0,11,0,67,0,52,0,26,0,78,0,0,0,0,0,0,0,45,0,33,0
626,39120,5443,10,0,4,0,6,0,0,0,0,0,0,0,0,0,10,0,0,0,0,0,0,0,0,0,1,0,9,0,9,0,1,0,0,0,10,0,0,0,0,0,9,0,1,0
627,23311,5444,48,9,25,5,22,4,1,0,1,0,0,0,0,0,2,0,0,0,0,0,4,0,41,9,0,0,48,9,32,6,16,3,9,1,39,8,8,3,14,2,12,4,14,0
628,33207,5446,51,0,26,0,25,0,0,0,2,0,1,0,1,0,8,0,0,0,0,0,1,0,38,0,2,0,49,0,36,0,15,0,7,0,44,0,7,0,11,0,19,0,14,0
629,37505,5448,17,0,6,0,11,0,0,0,0,0,1,0,1,0,6,0,0,0,0,0,1,0,8,0,1,0,16,0,9,0,8,0,1,0,16,0,0,0,1,0,3,0,13,0
630,29320,5449,51,0,22,0,29,0,0,0,2,0,0,0,0,0,34,0,0,0,0,0,0,0,15,0,2,0,49,0,38,0,13,0,3,0,48,0,0,0,0,0,11,0,40,0
631,27010,5458,411,136,60,22,341,110,10,4,1,0,17,4,30,6,72,24,2,1,0,0,60,18,229,83,14,6,397,130,185,58,226,78,78,18,333,118,116,2,103,91,122,10,70,33
632,36140,5460,175,0,78,0,97,0,0,0,3,0,0,0,3,0,78,0,0,0,0,0,13,0,78,0,19,0,156,0,150,0,25,0,29,0,146,0,0,0,0,0,72,0,103,0
633,33049,5461,79,2,21,0,58,2,0,0,19,0,0,0,2,0,19,0,1,0,0,0,4,0,34,2,9,0,70,2,40,2,39,0,13,1,66,1,0,0,0,0,26,1,53,1
634,37502,5464,71,0,29,0,40,0,2,0,3,0,1,0,2,0,19,0,0,0,0,0,8,0,38,0,1,0,70,0,47,0,24,0,6,0,65,0,0,0,2,0,37,0,32,0
635,37503,5465,28,0,13,0,15,0,0,0,1,0,0,0,0,0,1,0,1,0,0,0,2,0,23,0,0,0,28,0,19,0,9,0,2,0,26,0,0,0,3,0,6,0,19,0
636,17910,5468,71,3,30,1,41,2,0,0,0,0,0,0,54,2,7,1,1,0,0,0,6,0,3,0,16,0,55,3,57,3,14,0,15,1,56,2,19,1,26,1,12,1,14,0
637,17905,5469,255,0,100,0,150,0,5,0,3,0,8,0,67,0,54,0,0,0,0,0,27,0,96,0,42,0,213,0,104,0,151,0,62,0,193,0,93,0,75,0,50,0,37,0
638,18401,5472,540,98,249,38,284,59,7,1,3,0,11,0,20,3,77,14,0,0,34,3,88,13,307,65,8,1,532,97,211,38,329,60,48,9,492,89,72,13,105,23,170,29,193,33
639,17210,5473,147,12,51,1,95,11,1,0,1,0,27,0,19,1,44,5,5,0,0,0,18,3,33,3,18,1,129,11,77,5,70,7,28,7,119,5,40,3,30,4,46,2,31,3
640,31025,5478,1507,117,730,54,767,62,10,1,35,1,172,12,42,3,358,29,9,2,0,0,163,9,728,61,114,14,1393,103,643,49,864,68,187,13,1320,104,418,56,382,16,399,28,308,17
641,30031,5480,23,1,7,0,15,1,1,0,1,0,0,0,0,0,2,0,0,0,0,0,0,0,20,1,0,0,23,1,6,0,17,1,0,0,23,1,15,0,0,0,5,1,3,0
642,17417,5481,1753,341,828,108,912,230,13,3,4,0,678,210,44,2,192,22,3,1,0,0,140,18,692,88,97,18,1656,323,252,28,1501,313,170,19,1583,322,463,106,495,106,413,80,382,49
643,31016,5495,88,0,49,0,39,0,0,0,1,0,0,0,0,0,16,0,1,0,0,0,4,0,66,0,8,0,80,0,58,0,30,0,10,0,78,0,0,0,3,0,8,0,77,0
644,13165,5497,44,0,9,0,35,0,0,0,1,0,0,0,3,0,23,0,0,0,0,0,6,0,11,0,3,0,41,0,36,0,8,0,13,0,31,0,0,0,6,0,8,0,30,0
645,31006,5498,127,0,45,0,81,0,1,0,0,0,4,0,5,0,59,0,3,0,0,0,15,0,41,0,25,0,102,0,95,0,32,0,21,0,106,0,0,0,1,0,33,0,93,0
646,29801,5501,26,0,17,0,8,0,1,0,0,0,1,0,1,0,1,0,0,0,2,0,0,0,21,0,0,0,26,0,0,0,26,0,0,0,26,0,0,0,0,0,10,0,16,0
647,6119,5502,80,0,0,0,80,0,0,0,7,0,2,0,4,0,19,0,1,0,0,0,7,0,40,0,0,0,80,0,40,0,40,0,0,0,80,0,15,0,17,0,28,0,20,0
648,39208,5506,249,7,125,2,123,5,1,0,6,0,13,0,4,0,70,0,1,0,0,0,8,0,147,7,7,0,242,7,112,2,137,5,2,0,247,7,43,1,57,1,69,0,80,5
649,14005,5514,79,2,45,0,34,2,0,0,1,0,2,0,1,0,18,0,0,0,0,0,5,1,52,1,3,0,76,2,49,1,30,1,16,0,63,2,20,1,28,1,11,0,20,0
650,17408,5522,151,0,82,0,69,0,0,0,1,0,13,0,17,0,54,0,5,0,0,0,11,0,50,0,3,0,148,0,95,0,56,0,6,0,145,0,0,0,2,0,24,0,125,0
651,33036,5523,37,0,16,0,20,0,1,0,1,0,0,0,0,0,2,0,0,0,0,0,3,0,31,0,0,0,37,0,30,0,7,0,7,0,30,0,0,0,2,0,22,0,13,0
652,29100,5525,19,0,11,0,8,0,0,0,0,0,0,0,0,0,10,0,0,0,8,0,0,0,1,0,6,0,13,0,14,0,5,0,2,0,17,0,0,0,0,0,12,0,7,0
653,27001,5527,33,0,9,0,24,0,0,0,1,0,1,0,4,0,14,0,0,0,0,0,1,0,12,0,2,0,31,0,14,0,19,0,6,0,27,0,0,0,0,0,7,0,26,0
654,5402,5529,16,0,5,0,11,0,0,0,0,0,0,0,1,0,1,0,0,0,0,0,1,0,13,0,0,0,16,0,10,0,6,0,7,0,9,0,0,0,1,0,4,0,11,0
655,6117,5532,15,0,8,0,7,0,0,0,0,0,0,0,0,0,2,0,0,0,0,0,1,0,12,0,0,0,15,0,4,0,11,0,2,0,13,0,0,0,0,0,1,0,14,0
656,6117,5533,217,13,89,7,123,6,5,0,1,0,5,0,3,1,20,2,0,0,0,0,10,1,178,9,2,0,215,13,31,5,186,8,28,1,189,12,52,0,60,1,43,1,62,11
657,17406,5536,20,0,9,0,4,0,7,0,0,0,1,0,13,0,0,0,0,0,0,0,0,0,6,0,0,0,20,0,13,0,7,0,0,0,20,0,7,0,8,0,5,0,0,0
658,3116,5537,39,0,11,0,27,0,1,0,0,0,0,0,0,0,26,0,0,0,0,0,0,0,13,0,0,0,39,0,33,0,6,0,0,0,39,0,0,0,2,0,9,0,28,0
659,26059,5538,15,0,9,0,6,0,0,0,0,0,0,0,0,0,1,0,0,0,0,0,1,0,13,0,0,0,15,0,8,0,7,0,0,0,15,0,8,0,2,0,4,0,1,0
660,39208,5540,36,0,12,0,24,0,0,0,1,0,0,0,1,0,22,0,0,0,0,0,0,0,12,0,6,0,30,0,30,0,6,0,2,0,34,0,1,0,2,0,15,0,18,0
661,32356,5542,177,14,53,1,124,13,0,0,0,0,0,0,2,1,3,0,0,0,0,0,12,2,160,11,1,0,176,14,46,3,131,11,6,1,171,13,52,0,46,9,46,4,33,1
662,8402,5545,372,95,168,35,204,60,0,0,8,3,4,2,2,0,40,8,3,0,11,7,10,1,294,74,9,3,363,92,141,36,231,59,55,18,317,77,103,87,89,3,95,4,85,1
663,18400,5546,78,0,37,0,40,0,1,0,5,0,1,0,2,0,10,0,1,0,0,0,10,0,49,0,1,0,77,0,41,0,37,0,21,0,57,0,12,0,12,0,29,0,25,0
664,8458,5547,68,0,24,0,44,0,0,0,1,0,0,0,1,0,12,0,0,0,0,0,4,0,50,0,1,0,67,0,52,0,16,0,5,0,63,0,0,0,0,0,27,0,41,0
665,23309,5548,28,0,12,0,16,0,0,0,0,0,0,0,0,0,27,0,0,0,0,0,0,0,1,0,27,0,1,0,12,0,16,0,0,0,28,0,1,0,1,0,10,0,16,0
666,27901,5549,208,0,93,0,115,0,0,0,156,0,0,0,1,0,32,0,0,0,0,0,19,0,0,0,0,0,208,0,109,0,99,0,32,0,176,0,59,0,53,0,47,0,49,0
667,37506,5554,15,0,6,0,9,0,0,0,0,0,0,0,0,0,6,0,0,0,0,0,1,0,8,0,0,0,15,0,6,0,9,0,2,0,13,0,0,0,0,0,4,0,11,0
668,28149,5559,10,0,1,0,9,0,0,0,1,0,0,0,0,0,4,0,0,0,0,0,0,0,5,0,1,0,9,0,5,0,5,0,1,0,9,0,0,0,0,0,5,0,5,0
669,39119,5560,113,0,45,0,67,0,1,0,1,0,2,0,4,0,31,0,0,0,0,0,3,0,72,0,7,0,106,0,69,0,44,0,8,0,105,0,21,0,24,0,32,0,36,0
670,39119,5561,22,0,5,0,16,0,1,0,0,0,0,0,1,0,5,0,0,0,0,0,0,0,16,0,1,0,21,0,12,0,10,0,5,0,17,0,4,0,3,0,7,0,8,0
671,18402,5562,822,0,459,0,363,0,0,0,8,0,22,0,42,0,109,0,5,0,0,0,90,0,546,0,20,0,802,0,6,0,816,0,112,0,710,0,133,0,256,0,207,0,226,0
672,17409,5563,52,0,16,0,36,0,0,0,0,0,0,0,1,0,8,0,1,0,0,0,3,0,39,0,0,0,52,0,23,0,29,0,4,0,48,0,0,0,1,0,18,0,33,0
673,17001,5566,1417,81,601,17,792,63,24,1,4,0,120,10,54,2,142,8,1,0,0,0,188,10,908,51,30,2,1387,79,178,6,1239,75,163,6,1254,75,438,5,398,31,387,32,194,13
674,36250,5575,16,0,4,0,11,0,1,0,0,0,0,0,0,0,8,0,0,0,0,0,0,0,8,0,0,0,16,0,10,0,6,0,1,0,15,0,0,0,1,0,5,0,10,0
675,39801,5578,110,0,42,0,66,0,2,0,5,0,0,0,0,0,59,0,1,0,0,0,1,0,44,0,0,0,110,0,0,0,110,0,0,0,110,0,0,0,1,0,32,0,77,0
676,37502,5579,133,0,72,0,59,0,2,0,9,0,5,0,2,0,32,0,1,0,0,0,10,0,74,0,13,0,120,0,68,0,65,0,21,0,112,0,19,0,22,0,34,0,58,0
677,27417,5582,62,0,35,0,27,0,0,0,1,0,3,0,5,0,22,0,3,0,0,0,6,0,22,0,1,0,61,0,42,0,20,0,8,0,54,0,4,0,12,0,17,0,29,0
678,14400,5584,33,0,20,0,13,0,0,0,10,0,2,0,0,0,7,0,0,0,0,0,1,0,13,0,3,0,30,0,22,0,11,0,6,0,27,0,8,0,10,0,6,0,9,0
679,24404,5586,25,0,15,0,10,0,0,0,0,0,0,0,0,0,8,0,0,0,0,0,2,0,15,0,0,0,25,0,22,0,3,0,5,0,20,0,6,0,5,0,7,0,7,0
680,24404,5587,50,0,30,0,20,0,0,0,3,0,0,0,0,0,9,0,0,0,0,0,3,0,35,0,1,0,49,0,41,0,9,0,6,0,44,0,11,0,14,0,14,0,11,0
681,29103,5588,12,0,9,0,3,0,0,0,0,0,0,0,0,0,1,0,0,0,0,0,1,0,10,0,0,0,12,0,5,0,7,0,1,0,11,0,0,0,0,0,8,0,4,0
682,17941,5590,207,0,101,0,100,0,6,0,2,0,12,0,46,0,82,0,8,0,0,0,15,0,42,0,0,0,207,0,0,0,207,0,0,0,207,0,0,0,1,0,34,0,172,0
683,17417,5606,207,21,85,3,117,18,5,0,1,0,25,8,4,0,20,1,0,0,0,0,24,1,133,11,2,0,205,21,24,1,183,20,45,6,162,15,112,0,73,15,22,6,0,0
684,32903,5609,51,0,40,0,11,0,0,0,3,0,1,0,5,0,7,0,1,0,0,0,7,0,27,0,3,0,48,0,45,0,6,0,11,0,40,0,4,0,19,0,12,0,16,0
685,5121,5611,201,13,104,5,96,8,1,0,5,0,3,0,4,0,21,1,1,0,0,0,21,3,146,9,1,0,200,13,100,4,101,9,28,1,173,12,54,5,40,5,51,0,56,3
686,5323,5613,76,1,43,1,31,0,2,0,0,0,0,0,2,0,10,0,1,0,0,0,4,0,59,1,1,0,75,1,37,0,39,1,9,0,67,1,16,1,18,0,29,0,13,0
687,8122,5614,116,0,64,0,52,0,0,0,4,0,0,0,1,0,35,0,0,0,0,0,11,0,65,0,0,0,116,0,77,0,39,0,23,0,93,0,28,0,33,0,33,0,22,0
688,20404,5618,931,0,510,0,421,0,0,0,18,0,18,0,48,0,130,0,8,0,0,0,89,0,620,0,24,0,907,0,386,0,545,0,136,0,795,0,344,0,290,0,187,0,110,0
689,23309,5621,98,34,46,16,45,14,7,4,9,4,1,0,0,0,15,6,0,0,0,0,8,3,65,21,7,3,91,31,66,25,32,9,10,3,88,31,18,1,18,13,38,9,24,11
690,17401,5622,326,0,170,0,155,0,1,0,7,0,43,0,50,0,121,0,22,0,0,0,41,0,42,0,98,0,228,0,243,0,83,0,72,0,254,0,90,0,90,0,89,0,57,0
691,29320,5625,152,0,85,0,67,0,0,0,3,0,0,0,1,0,100,0,1,0,0,0,4,0,43,0,30,0,122,0,118,0,34,0,9,0,143,0,22,0,31,0,46,0,53,0
692,15201,5626,64,5,36,2,28,3,0,0,1,0,3,0,3,0,14,0,0,0,0,0,10,2,33,3,1,0,63,5,35,2,29,3,7,0,57,5,15,0,18,1,14,1,17,3
693,27010,5628,853,173,446,62,400,110,7,1,14,2,54,12,159,30,177,39,30,7,0,0,128,19,291,64,52,13,801,160,498,96,355,77,137,22,716,151,200,59,225,40,220,43,208,31
694,34033,5629,89,0,51,0,38,0,0,0,1,0,2,0,1,0,21,0,1,0,0,0,12,0,51,0,4,0,85,0,25,0,64,0,12,0,77,0,26,0,19,0,28,0,16,0
695,27403,5633,434,54,245,20,187,34,2,0,3,1,16,0,39,6,67,5,35,3,11,3,75,11,188,25,13,1,421,53,242,32,192,22,56,2,378,52,104,20,107,12,134,12,89,10
696,1147,5634,41,0,15,0,26,0,0,0,0,0,0,0,0,0,38,0,0,0,0,0,0,0,3,0,6,0,35,0,35,0,6,0,2,0,39,0,0,0,0,0,31,0,10,0
697,36140,5636,91,0,56,0,34,0,1,0,0,0,3,0,1,0,23,0,0,0,0,0,3,0,61,0,4,0,87,0,48,0,43,0,14,0,77,0,21,0,21,0,29,0,20,0
698,4246,5637,93,0,51,0,42,0,0,0,0,0,2,0,1,0,39,0,0,0,0,0,2,0,49,0,11,0,82,0,55,0,38,0,17,0,76,0,18,0,42,0,23,0,10,0
699,4228,5640,18,0,10,0,8,0,0,0,1,0,0,0,0,0,5,0,0,0,0,0,0,0,12,0,0,0,18,0,7,0,11,0,1,0,17,0,2,0,4,0,6,0,6,0
700,31311,5642,39,4,20,3,19,1,0,0,1,0,1,0,1,0,7,0,0,0,0,0,5,2,24,2,5,0,34,4,19,1,20,3,3,0,36,4,4,1,13,1,9,0,13,2
701,2250,5644,54,4,28,1,26,3,0,0,2,0,1,0,0,0,4,0,1,1,0,0,1,0,45,3,0,0,54,4,30,3,24,1,5,1,49,3,13,2,12,1,18,1,11,0
702,32363,5645,322,0,150,0,151,0,21,0,0,0,4,0,4,0,36,0,1,0,0,0,28,0,249,0,5,0,317,0,213,0,109,0,33,0,289,0,40,0,64,0,88,0,130,0
703,25101,5647,90,0,43,0,47,0,0,0,3,0,1,0,0,0,13,0,0,0,0,0,5,0,68,0,4,0,86,0,68,0,22,0,20,0,70,0,15,0,18,0,20,0,37,0
704,13144,5648,46,0,29,0,17,0,0,0,0,0,0,0,0,0,40,0,0,0,0,0,0,0,6,0,10,0,36,0,39,0,7,0,5,0,41,0,12,0,7,0,12,0,15,0
705,17001,5649,169,0,84,0,83,0,2,0,0,0,11,0,32,0,34,0,8,0,0,0,27,0,57,0,16,0,153,0,97,0,72,0,44,0,125,0,47,0,41,0,40,0,41,0
706,13144,5650,28,0,13,0,15,0,0,0,0,0,0,0,0,0,25,0,0,0,0,0,0,0,3,0,7,0,21,0,21,0,7,0,8,0,20,0,8,0,7,0,0,0,13,0
707,11051,5653,39,0,20,0,19,0,0,0,0,0,0,0,0,0,26,0,0,0,0,0,0,0,13,0,11,0,28,0,25,0,14,0,6,0,33,0,4,0,13,0,18,0,4,0
708,34003,5654,166,0,67,0,98,0,1,0,3,0,1,0,4,0,30,0,2,0,0,0,36,0,90,0,8,0,158,0,92,0,74,0,45,0,121,0,55,0,63,0,33,0,15,0
709,32356,5660,1008,75,492,17,512,57,4,1,10,1,22,5,16,1,31,3,2,0,0,0,42,5,885,60,28,2,980,73,278,31,730,44,107,13,901,62,408,41,345,22,255,12,0,0
710,17917,5662,109,0,47,0,58,0,4,0,0,0,8,0,61,0,19,0,3,0,0,0,2,0,16,0,8,0,101,0,72,0,37,0,19,0,90,0,109,0,0,0,0,0,0,0
711,14005,5663,72,0,35,0,37,0,0,0,4,0,2,0,1,0,20,0,0,0,0,0,5,0,40,0,6,0,66,0,53,0,19,0,10,0,62,0,0,0,12,0,28,0,32,0
712,17408,5664,178,0,80,0,98,0,0,0,1,0,16,0,24,0,68,0,8,0,0,0,14,0,47,0,33,0,145,0,103,0,75,0,20,0,158,0,40,0,55,0,44,0,39,0
713,8401,5666,20,0,8,0,12,0,0,0,1,0,0,0,0,0,2,0,0,0,0,0,0,0,17,0,1,0,19,0,9,0,11,0,7,0,13,0,5,0,4,0,5,0,6,0
714,17401,5672,43,0,16,0,21,0,6,0,0,0,6,0,0,0,5,0,1,0,0,0,7,0,24,0,2,0,41,0,11,0,32,0,8,0,35,0,43,0,0,0,0,0,0,0
715,17415,5676,200,11,106,4,94,7,0,0,1,0,20,2,28,1,48,2,0,0,0,0,27,2,76,4,18,1,182,10,97,4,103,7,30,0,170,11,36,4,28,4,46,1,90,2
716,17414,5678,147,0,85,0,62,0,0,0,0,0,19,0,8,0,24,0,1,0,0,0,20,0,75,0,8,0,139,0,48,0,99,0,22,0,125,0,46,0,50,0,30,0,21,0
717,13161,5679,279,16,158,4,121,12,0,0,1,0,4,1,3,0,149,7,1,0,0,0,9,1,112,7,32,1,247,15,197,7,82,9,50,3,229,13,39,7,81,3,84,3,75,3
718,26056,5681,23,0,13,0,10,0,0,0,2,0,0,0,0,0,2,0,0,0,1,0,1,0,17,0,0,0,23,0,16,0,7,0,3,0,20,0,10,0,5,0,3,0,5,0
719,34003,5683,254,0,139,0,112,0,3,0,8,0,13,0,15,0,56,0,2,0,0,0,40,0,120,0,5,0,249,0,130,0,124,0,39,0,215,0,66,0,82,0,59,0,47,0
720,22009,5688,10,1,4,0,5,1,1,0,0,0,0,0,0,0,2,0,0,0,0,0,1,0,7,1,0,0,10,1,5,0,5,1,0,0,10,1,6,0,0,0,1,0,3,1
721,6122,5690,94,3,56,1,38,2,0,0,0,0,2,0,4,0,17,1,1,1,0,0,8,0,62,1,2,0,92,3,26,1,68,2,10,1,84,2,25,1,32,2,21,0,16,0
722,39208,5699,25,23,8,7,17,16,0,0,1,1,0,0,0,0,8,8,0,0,0,0,2,2,14,12,0,0,25,23,14,13,11,10,6,6,19,17,25,23,0,0,0,0,0,0
723,3400,5689,253,20,145,11,107,9,1,0,0,0,2,0,5,0,69,6,1,0,0,0,12,1,164,13,9,0,244,20,75,4,178,16,44,1,209,19,69,4,64,6,59,5,61,5
724,6117,5702,134,0,73,0,59,0,2,0,1,0,9,0,1,0,14,0,0,0,0,0,13,0,96,0,2,0,132,0,39,0,95,0,18,0,116,0,20,0,36,0,44,0,34,0
725,31006,5703,334,0,151,0,181,0,2,0,0,0,44,0,38,0,110,0,7,0,0,0,28,0,107,0,47,0,287,0,127,0,207,0,57,0,277,0,100,0,89,0,76,0,69,0
726,36140,5705,25,0,3,0,22,0,0,0,0,0,0,0,0,0,7,0,0,0,0,0,1,0,17,0,0,0,25,0,6,0,19,0,1,0,24,0,8,0,4,0,10,0,3,0
727,27401,5707,183,4,97,0,86,4,0,0,1,0,2,0,3,0,17,0,4,0,0,0,24,0,132,4,1,0,182,4,39,0,144,4,43,0,140,4,30,2,31,1,36,1,86,0
728,14172,5708,18,2,8,0,10,2,0,0,1,0,0,0,1,0,2,0,0,0,0,0,2,0,12,2,0,0,18,2,16,2,2,0,4,1,14,1,5,2,5,0,3,0,5,0
729,37902,5710,59,0,27,0,28,0,4,0,2,0,5,0,4,0,14,0,0,0,0,0,5,0,29,0,0,0,59,0,35,0,24,0,10,0,49,0,27,0,32,0,0,0,0,0
